[{"holdEase":"inOutSine","type":"hold","time":1,"angle":67.5,"duration":8,"angle2":-180},{"holdEase":"outSine","type":"hold","time":9,"endAngle":180,"angle":337.5,"duration":8,"angle2":517.5},{"holdEase":"inOutSine","type":"hold","time":17,"endAngle":157.5,"angle":45,"duration":8,"angle2":742.5},{"angle":67.5,"type":"extraTap","time":18},{"angle":67.5,"type":"extraTap","time":18.75},{"angle":67.5,"type":"extraTap","time":19.5},{"angle":45,"type":"extraTap","time":21.25},{"angle":45,"type":"extraTap","time":21.5},{"angle":45,"type":"extraTap","time":21.75},{"type":"hold","angle2":-450,"endAngle":0,"angle":-112.5,"duration":9.5,"time":25},{"type":"hold","angle2":45,"time":25,"duration":0.33333334326744,"angle":45},{"type":"hold","angle2":-90,"time":25.333333969116,"duration":0.66666662693024,"angle":0},{"type":"hold","angle2":225,"time":26,"duration":0.66666662693024,"angle":315},{"type":"hold","angle2":180,"time":26.666666030884,"duration":0.83333325386047,"angle":270},{"type":"hold","angle2":225,"time":27.5,"duration":0.75,"angle":180},{"type":"hold","angle2":202.5,"time":28.25,"duration":0.75,"angle":225},{"type":"hold","angle2":135,"time":29,"duration":1,"angle":225},{"type":"hold","angle2":0,"time":30,"duration":1.25,"angle":135},{"type":"hold","angle2":22.5,"time":31.25,"duration":0.25,"angle":0},{"type":"hold","angle2":-135,"time":31.5,"duration":3.5,"angle":22.5},{"type":"hold","angle2":-67.5,"time":34.5,"duration":4.5,"angle":225},{"speedMult":-1,"angle":225,"time":34.75,"type":"inverse"},{"angle":315,"type":"block","time":38.75},{"angle":315,"type":"block","time":39.25},{"angle":337.5,"type":"block","time":39.5},{"angle":112.5,"type":"block","time":40},{"holdEase":"inOutSine","type":"hold","time":41,"angle":247.5,"duration":4,"angle2":585},{"angle":360,"type":"block","time":42},{"angle":45,"type":"block","time":42.75},{"angle":202.5,"type":"block","time":43.5},{"angle":157.5,"type":"block","time":44},{"angle":112.5,"type":"block","time":46},{"angle":315,"type":"block","time":46.75},{"angle":22.5,"type":"block","time":47.5},{"angle":90,"type":"block","time":48},{"holdEase":"inOutSine","type":"hold","time":49,"angle":225,"duration":4,"angle2":607.5},{"angle":202.5,"type":"block","time":51.5},{"angle":202.5,"type":"extraTap","time":52},{"angle":337.5,"type":"extraTap","time":50},{"angle":225,"type":"extraTap","time":54},{"holdEase":"inOutSine","type":"hold","time":54,"angle":90,"duration":3,"angle2":-202.5},{"angle":45,"type":"extraTap","time":56},{"holdEase":"inSine","type":"hold","time":56.5,"angle":180,"duration":12.5,"angle2":765},{"holdEase":"inQuad","type":"hold","time":69,"endAngle":45,"angle":270,"duration":6,"angle2":382.5},{"holdEase":"outSine","type":"hold","time":75,"endAngle":22.5,"angle":135,"duration":5,"angle2":382.5},{"angle":22.5,"type":"block","time":81},{"angle":0,"type":"block","time":81},{"angle":270,"type":"block","time":81.5},{"angle":247.5,"type":"block","time":81.5},{"angle":45,"type":"block","time":82},{"angle":67.5,"type":"block","time":82},{"angle":225,"type":"block","time":82.5},{"angle":247.5,"type":"block","time":82.5},{"angle":180,"type":"mine","time":81},{"angle":202.5,"type":"mine","time":81},{"angle":90,"type":"mine","time":81.5},{"angle":67.5,"type":"mine","time":81.5},{"angle":247.5,"type":"mine","time":82},{"angle":225,"type":"mine","time":82},{"angle":45,"type":"mine","time":82.5},{"angle":67.5,"type":"mine","time":82.5},{"angle":337.5,"type":"block","time":83},{"angle":315,"type":"block","time":83},{"angle":225,"type":"block","time":83.5},{"angle":202.5,"type":"block","time":83.5},{"angle":270,"type":"block","time":84},{"angle":247.5,"type":"block","time":84},{"angle":157.5,"type":"block","time":84.5},{"angle":135,"type":"block","time":84.5},{"angle":45,"type":"block","time":84.75},{"angle":315,"type":"block","time":85},{"angle":292.5,"type":"block","time":85},{"angle":90,"type":"mine","time":84},{"angle":67.5,"type":"mine","time":84},{"angle":315,"type":"mine","time":84.5},{"angle":337.5,"type":"mine","time":84.5},{"angle":225,"type":"mine","time":84.75},{"angle":135,"type":"mine","time":85},{"angle":112.5,"type":"mine","time":85},{"angle":112.5,"type":"block","time":85.5},{"angle":90,"type":"block","time":85.5},{"angle":315,"type":"block","time":86},{"angle":292.5,"type":"block","time":86},{"angle":270,"type":"mine","time":85.5},{"angle":292.5,"type":"mine","time":85.5},{"angle":135,"type":"mine","time":86},{"angle":112.5,"type":"mine","time":86},{"angle":135,"type":"block","time":86.5},{"angle":112.5,"type":"block","time":86.5},{"angle":315,"type":"mine","time":86.5},{"angle":292.5,"type":"mine","time":86.5},{"angle":270,"type":"block","time":87},{"angle":247.5,"type":"block","time":87},{"angle":90,"type":"mine","time":87},{"angle":67.5,"type":"mine","time":87},{"angle":135,"type":"block","time":87.5},{"angle":157.5,"type":"block","time":87.5},{"angle":337.5,"type":"mine","time":87.5},{"angle":315,"type":"mine","time":87.5},{"angle":247.5,"type":"block","time":87.75},{"angle":112.5,"type":"block","time":88.25},{"angle":157.5,"type":"block","time":88.375},{"angle":315,"type":"block","time":88.75},{"angle":157.5,"type":"block","time":89},{"angle":135,"type":"block","time":89},{"angle":292.5,"type":"block","time":88.75},{"angle":292.5,"type":"mine","time":88.25},{"angle":337.5,"type":"mine","time":88.375},{"angle":112.5,"type":"mine","time":88.75},{"angle":135,"type":"mine","time":88.75},{"angle":337.5,"type":"mine","time":89},{"angle":315,"type":"mine","time":89},{"angle":202.5,"type":"block","time":88.5},{"angle":22.5,"type":"mine","time":88.5},{"angle":337.5,"type":"block","time":89.5},{"angle":0,"type":"block","time":89.5},{"angle":90,"type":"block","time":90},{"angle":112.5,"type":"block","time":90},{"angle":247.5,"type":"block","time":90.5},{"angle":270,"type":"block","time":90.5},{"angle":180,"type":"mine","time":89.5},{"angle":157.5,"type":"mine","time":89.5},{"angle":270,"type":"mine","time":90},{"angle":292.5,"type":"mine","time":90},{"angle":90,"type":"mine","time":90.5},{"angle":67.5,"type":"mine","time":90.5},{"angle":45,"type":"block","time":91},{"angle":22.5,"type":"block","time":91},{"angle":157.5,"type":"block","time":91.5},{"angle":180,"type":"block","time":91.5},{"angle":292.5,"type":"block","time":92},{"angle":315,"type":"block","time":92},{"angle":67.5,"type":"block","time":92.5},{"angle":90,"type":"block","time":92.5},{"angle":202.5,"type":"mine","time":91},{"angle":225,"type":"mine","time":91},{"angle":360,"type":"mine","time":91.5},{"angle":337.5,"type":"mine","time":91.5},{"angle":135,"type":"mine","time":92},{"angle":112.5,"type":"mine","time":92},{"angle":247.5,"type":"mine","time":92.5},{"angle":270,"type":"mine","time":92.5},{"angle":202.5,"type":"block","time":92.75},{"angle":180,"type":"block","time":92.75},{"angle":315,"type":"block","time":93},{"angle":292.5,"type":"block","time":93},{"angle":22.5,"type":"mine","time":92.75},{"angle":0,"type":"mine","time":92.75},{"angle":135,"type":"mine","time":93},{"angle":112.5,"type":"mine","time":93},{"angle":157.5,"type":"block","time":93.5},{"angle":135,"type":"block","time":93.5},{"angle":337.5,"type":"mine","time":93.5},{"angle":315,"type":"mine","time":93.5},{"angle":247.5,"type":"block","time":94},{"angle":225,"type":"block","time":94},{"angle":45,"type":"block","time":94.5},{"angle":67.5,"type":"block","time":94.5},{"angle":135,"type":"block","time":95},{"angle":157.5,"type":"block","time":95},{"angle":67.5,"type":"mine","time":94},{"angle":45,"type":"mine","time":94},{"angle":225,"type":"mine","time":94.5},{"angle":247.5,"type":"mine","time":94.5},{"angle":337.5,"type":"mine","time":95},{"angle":315,"type":"mine","time":95},{"angle":360,"type":"block","time":95.5},{"angle":30,"type":"block","time":95.375},{"angle":180,"type":"mine","time":95.5},{"angle":210,"type":"mine","time":95.375},{"angle":45,"type":"block","time":95.75},{"angle":78.75,"type":"block","time":95.8125},{"angle":56.25,"type":"block","time":95.875},{"angle":90,"type":"block","time":95.9375},{"angle":67.5,"type":"block","time":96},{"angle":101.25,"type":"block","time":96},{"angle":-348.75,"type":"block","time":96.125},{"angle":-326.25,"type":"block","time":96.125},{"angle":-22.5,"type":"block","time":96.25},{"angle":-45,"type":"block","time":96.25},{"speedMult":1.5,"type":"mineHold","time":96.5,"angle":360,"duration":0,"angle2":0},{"speedMult":1.5,"type":"mineHold","time":96.625,"angle":360,"duration":0,"angle2":0},{"speedMult":1.5,"type":"mineHold","time":96.75,"angle":360,"duration":0,"angle2":0},{"type":"hold","angle2":101.25,"time":97,"duration":0.5,"angle":33.75},{"angle":22.5,"type":"block","time":97},{"angle":11.25,"type":"block","time":97},{"angle":112.5,"type":"block","time":97.5},{"angle":348.75,"type":"block","time":98},{"angle":146.25,"type":"block","time":98.5},{"angle":123.75,"type":"block","time":97.5},{"angle":337.5,"type":"block","time":98},{"angle":281.25,"type":"block","time":99},{"angle":22.5,"type":"block","time":99.5},{"angle":146.25,"type":"block","time":100},{"angle":303.75,"type":"block","time":100.5},{"type":"hold","angle2":0,"time":97.5,"duration":0.5,"angle":101.25},{"type":"hold","angle2":495,"time":98,"duration":0.5,"angle":360},{"type":"hold","angle2":270,"time":98.5,"duration":0.5,"angle":157.5},{"type":"hold","angle2":371.25,"time":99,"duration":0.5,"angle":292.5},{"type":"hold","angle2":135,"time":99.5,"duration":0.5,"angle":33.75},{"type":"hold","angle2":292.5,"time":100,"duration":0.5,"angle":157.5},{"angle":202.5,"type":"block","time":100.75},{"angle":213.75,"type":"block","time":100.75},{"angle":101.25,"type":"block","time":101},{"angle":90,"type":"block","time":101},{"angle":326.25,"type":"block","time":101.5},{"angle":112.5,"type":"block","time":102},{"angle":315,"type":"block","time":101.5},{"angle":258.75,"type":"block","time":102.5},{"angle":247.5,"type":"block","time":102.5},{"type":"hold","angle2":-22.5,"time":101,"duration":0.5,"angle":78.75},{"type":"hold","angle2":461.25,"time":101.5,"duration":0.5,"angle":337.5},{"type":"hold","angle2":236.25,"time":102,"duration":0.5,"angle":123.75},{"angle":123.75,"type":"mine","time":100.5},{"angle":22.5,"type":"mine","time":100.75},{"angle":33.75,"type":"mine","time":100.75},{"angle":270,"type":"mine","time":101},{"angle":281.25,"type":"mine","time":101},{"angle":191.25,"type":"mine","time":97},{"angle":202.5,"type":"mine","time":97},{"angle":157.5,"type":"mine","time":98},{"angle":168.75,"type":"mine","time":98},{"angle":101.25,"type":"mine","time":99},{"angle":326.25,"type":"mine","time":100},{"angle":292.5,"type":"mine","time":102},{"angle":292.5,"type":"mine","time":97.5},{"angle":303.75,"type":"mine","time":97.5},{"angle":326.25,"type":"mine","time":98.5},{"angle":202.5,"type":"mine","time":99.5},{"angle":146.25,"type":"mine","time":101.5},{"angle":135,"type":"mine","time":101.5},{"angle":67.5,"type":"mine","time":102.5},{"angle":78.75,"type":"mine","time":102.5},{"angle":22.5,"type":"block","time":103},{"angle":45,"type":"block","time":103},{"angle":67.5,"type":"block","time":103},{"angle":270,"type":"block","time":103.5},{"angle":247.5,"type":"block","time":103.5},{"angle":225,"type":"block","time":103.75},{"angle":202.5,"type":"block","time":103.75},{"angle":123.75,"type":"block","time":104.125},{"angle":146.25,"type":"block","time":104.25},{"angle":157.5,"type":"block","time":104.25},{"angle":78.75,"type":"block","time":104.5},{"angle":101.25,"type":"block","time":104.5},{"angle":33.75,"type":"block","time":104.75},{"angle":11.25,"type":"block","time":104.75},{"angle":101.25,"type":"block","time":105},{"angle":123.75,"type":"block","time":105},{"angle":281.25,"type":"block","time":105.5},{"angle":303.75,"type":"block","time":105.5},{"angle":326.25,"type":"block","time":105.5},{"angle":202.5,"type":"mine","time":103},{"angle":225,"type":"mine","time":103},{"angle":247.5,"type":"mine","time":103},{"angle":90,"type":"mine","time":103.5},{"angle":67.5,"type":"mine","time":103.5},{"angle":22.5,"type":"mine","time":103.75},{"angle":45,"type":"mine","time":103.75},{"angle":303.75,"type":"mine","time":104.125},{"angle":326.25,"type":"mine","time":104.25},{"angle":337.5,"type":"mine","time":104.25},{"angle":281.25,"type":"mine","time":104.5},{"angle":258.75,"type":"mine","time":104.5},{"angle":191.25,"type":"mine","time":104.75},{"angle":213.75,"type":"mine","time":104.75},{"angle":281.25,"type":"mine","time":105},{"angle":303.75,"type":"mine","time":105},{"angle":101.25,"type":"mine","time":105.5},{"angle":123.75,"type":"mine","time":105.5},{"angle":146.25,"type":"mine","time":105.5},{"angle":-517.5,"type":"block","time":106},{"angle":-540,"type":"block","time":106},{"angle":-562.5,"type":"block","time":106},{"angle":-337.5,"type":"mine","time":106},{"angle":-360,"type":"mine","time":106},{"angle":-382.5,"type":"mine","time":106},{"angle":337.5,"type":"block","time":106.5},{"angle":360,"type":"block","time":106.5},{"angle":382.5,"type":"block","time":106.5},{"angle":157.5,"type":"mine","time":106.5},{"angle":180,"type":"mine","time":106.5},{"angle":202.5,"type":"mine","time":106.5},{"angle":-562.5,"type":"block","time":107},{"angle":-585,"type":"block","time":107},{"angle":-607.5,"type":"block","time":107},{"angle":-382.5,"type":"mine","time":107},{"angle":-405,"type":"mine","time":107},{"angle":-427.5,"type":"mine","time":107},{"angle":-382.5,"type":"block","time":107.5},{"angle":-405,"type":"block","time":107.5},{"angle":-427.5,"type":"block","time":107.5},{"angle":-202.5,"type":"mine","time":107.5},{"angle":-225,"type":"mine","time":107.5},{"angle":-247.5,"type":"mine","time":107.5},{"angle":-540,"type":"block","time":108},{"angle":-562.5,"type":"block","time":108},{"angle":-585,"type":"block","time":108},{"angle":-360,"type":"mine","time":108},{"angle":-382.5,"type":"mine","time":108},{"angle":-405,"type":"mine","time":108},{"angle":-720,"type":"block","time":108.5},{"angle":-742.5,"type":"block","time":108.5},{"angle":-540,"type":"mine","time":108.5},{"angle":-562.5,"type":"mine","time":108.5},{"angle":45,"type":"block","time":108.75},{"angle":67.5,"type":"block","time":108.75},{"angle":112.5,"type":"block","time":109},{"angle":135,"type":"block","time":109},{"angle":292.5,"type":"mine","time":109},{"angle":315,"type":"mine","time":109},{"angle":247.5,"type":"mine","time":108.75},{"angle":225,"type":"mine","time":108.75},{"angle":225,"type":"block","time":109.5},{"angle":247.5,"type":"block","time":109.5},{"angle":405,"type":"mine","time":109.5},{"angle":427.5,"type":"mine","time":109.5},{"angle":90,"type":"block","time":110},{"angle":112.5,"type":"block","time":110},{"angle":270,"type":"mine","time":110},{"angle":292.5,"type":"mine","time":110},{"angle":225,"type":"block","time":110.5},{"angle":202.5,"type":"block","time":110.5},{"angle":360,"type":"mine","time":110.5},{"angle":382.5,"type":"mine","time":110.5},{"angle":180,"type":"block","time":110.4375},{"angle":157.5,"type":"block","time":110.375},{"angle":292.5,"type":"block","time":110.75},{"angle":315,"type":"block","time":110.75},{"angle":0,"type":"extraTap","time":110.75},{"type":"hold","angle2":90,"time":111,"duration":0.125,"angle":56.25},{"type":"hold","angle2":56.25,"time":111.125,"duration":0.125,"angle":90},{"type":"hold","angle2":123.75,"time":111.375,"duration":0.125,"angle":90},{"type":"hold","angle2":191.25,"time":111.625,"duration":0.125,"angle":157.5},{"type":"hold","angle2":157.5,"time":111.75,"duration":0.125,"angle":191.25},{"type":"hold","angle2":225,"time":112,"duration":0.125,"angle":191.25},{"type":"hold","angle2":191.25,"time":112.125,"duration":0.125,"angle":225},{"type":"hold","angle2":-135,"time":112.375,"duration":0.125,"angle":-101.25},{"type":"hold","angle2":-101.25,"time":112.5,"duration":0.125,"angle":-135},{"type":"hold","angle2":191.25,"time":112.75,"duration":0.125,"angle":225},{"holdEase":"linear","type":"hold","time":113,"angle":157.5,"duration":0.5,"angle2":22.5},{"holdEase":"outSine","type":"hold","time":113.75,"angle":22.5,"duration":0.25,"angle2":-112.5},{"holdEase":"outSine","type":"hold","time":114.25,"angle":22.5,"duration":0.25,"angle2":-112.5},{"holdEase":"outSine","type":"hold","time":114.75,"angle":22.5,"duration":0.25,"angle2":-112.5},{"holdEase":"outSine","type":"hold","time":115.25,"angle":22.5,"duration":0.25,"angle2":-112.5},{"holdEase":"inSine","type":"hold","time":115.75,"angle":247.5,"duration":0.5,"angle2":67.5},{"angle":45,"type":"block","time":116.25},{"angle":225,"type":"block","time":116.5},{"angle":247.5,"type":"block","time":116.5},{"angle":0,"type":"block","time":117},{"angle":22.5,"type":"block","time":117},{"holdEase":"outQuad","type":"hold","time":117.25,"angle":315,"duration":0.25,"angle2":450},{"holdEase":"outCubic","type":"hold","time":117.75,"angle":315,"duration":0.25,"angle2":450},{"holdEase":"outQuart","type":"hold","time":118.25,"angle":315,"duration":0.25,"angle2":450},{"holdEase":"outQuint","type":"hold","time":118.75,"angle":315,"duration":0.25,"angle2":450},{"type":"hold","angle2":225,"time":119,"duration":0.375,"angle":90},{"type":"hold","angle2":157.5,"time":119.375,"duration":0.375,"angle":225},{"type":"hold","angle2":247.5,"time":119.75,"duration":0.25,"angle":157.5},{"angle":135,"time":120.25,"type":"block","tap":true},{"angle":22.5,"type":"block","time":120.5},{"angle":270,"time":120.75,"type":"block","tap":true},{"holdEase":"outSine","type":"hold","time":121,"angle":157.5,"duration":0.5,"angle2":-112.5},{"holdEase":"outQuad","type":"hold","time":121.75,"angle":382.5,"duration":0.25,"angle2":517.5},{"holdEase":"outCubic","type":"hold","time":122.25,"angle":382.5,"duration":0.25,"angle2":517.5},{"holdEase":"outQuart","type":"hold","time":122.75,"angle":382.5,"duration":0.25,"angle2":517.5},{"holdEase":"outQuint","type":"hold","time":123.25,"angle":382.5,"duration":0.25,"angle2":517.5},{"angle":270,"type":"block","time":124},{"angle":292.5,"type":"block","time":124},{"angle":67.5,"type":"block","time":124.5},{"angle":90,"type":"block","time":124.5},{"angle":247.5,"type":"block","time":125},{"angle":270,"type":"block","time":125},{"angle":135,"time":123.75,"type":"block","tap":true},{"angle":247.5,"time":124.25,"type":"block","tap":true},{"angle":45,"type":"block","time":124.75},{"angle":90,"type":"block","time":145},{"holdEase":"outQuad","type":"hold","time":125.25,"angle":292.5,"duration":0.25,"angle2":427.5},{"holdEase":"outCubic","type":"hold","time":125.75,"angle":225,"duration":0.25,"angle2":360},{"holdEase":"outQuart","type":"hold","time":126.25,"angle":157.5,"duration":0.25,"angle2":292.5},{"holdEase":"outQuad","type":"hold","time":126.75,"angle":225,"duration":0.25,"angle2":360},{"angle":45,"type":"extraTap","time":113.75},{"angle":45,"type":"extraTap","time":114.25},{"angle":45,"type":"extraTap","time":114.75},{"angle":45,"type":"extraTap","time":115.25},{"angle":45,"type":"extraTap","time":115.75},{"angle":45,"type":"extraTap","time":116.25},{"angle":45,"type":"extraTap","time":116.75},{"angle":45,"type":"extraTap","time":117.25},{"angle":45,"type":"extraTap","time":117.75},{"angle":45,"type":"extraTap","time":118.25},{"angle":45,"type":"extraTap","time":118.75},{"angle":45,"type":"extraTap","time":119.25},{"angle":45,"type":"extraTap","time":119.75},{"angle":45,"type":"extraTap","time":120.25},{"angle":45,"type":"extraTap","time":120.75},{"angle":45,"type":"extraTap","time":121.75},{"angle":45,"type":"extraTap","time":122.25},{"angle":45,"type":"extraTap","time":122.75},{"angle":45,"type":"extraTap","time":123.25},{"angle":45,"type":"extraTap","time":123.75},{"angle":45,"type":"extraTap","time":124.25},{"angle":45,"type":"extraTap","time":124.75},{"angle":45,"type":"extraTap","time":125.25},{"angle":45,"type":"extraTap","time":125.75},{"angle":45,"type":"extraTap","time":126.25},{"angle":45,"type":"extraTap","time":126.75},{"angle":45,"type":"extraTap","time":127.25},{"angle":45,"type":"extraTap","time":127.75},{"angle":45,"type":"extraTap","time":121},{"angle":315,"type":"mine","time":127.5},{"angle":0,"type":"mine","time":127.5},{"angle":45,"type":"mine","time":127.5},{"angle":22.5,"type":"side","time":127},{"angle":135,"type":"block","time":128},{"angle":67.5,"type":"block","time":128.25},{"angle":0,"type":"block","time":128.5},{"angle":270,"type":"block","time":128.75},{"angle":90,"type":"block","time":128.125},{"angle":337.5,"type":"block","time":128.375},{"angle":292.5,"type":"block","time":128.625},{"angle":45,"type":"extraTap","time":129},{"angle":135,"type":"block","time":143},{"holdEase":"inOutQuad","type":"hold","time":127.25,"angle":225,"duration":0.125,"angle2":157.5},{"holdEase":"inOutQuad","type":"hold","time":127.375,"angle":157.5,"duration":0.125,"angle2":202.5},{"holdEase":"inOutCubic","type":"hold","time":127.5,"angle":202.5,"duration":0.125,"angle2":135},{"holdEase":"inOutCubic","type":"hold","time":127.625,"angle":135,"duration":0.125,"angle2":180},{"holdEase":"inOutCubic","type":"hold","time":127.75,"angle":180,"duration":0.125,"angle2":112.5},{"holdEase":"inOutQuart","type":"hold","time":127.875,"angle":112.5,"duration":0.125,"angle2":135},{"angle":180,"type":"block","time":129},{"angle":157.5,"type":"block","time":129},{"angle":22.5,"type":"block","time":129.5},{"angle":0,"type":"block","time":129.5},{"angle":225,"type":"block","time":130},{"angle":202.5,"type":"block","time":130},{"angle":315,"type":"block","time":130.5},{"angle":337.5,"type":"block","time":130.5},{"angle":112.5,"type":"block","time":131},{"angle":135,"type":"block","time":131},{"angle":292.5,"type":"block","time":131.5},{"angle":315,"type":"block","time":131.5},{"angle":45,"type":"extraTap","time":130.25},{"angle":45,"type":"extraTap","time":130.75},{"angle":67.5,"type":"extraTap","time":131.25},{"angle":45,"type":"extraTap","time":131.75},{"angle":45,"type":"extraTap","time":132.25},{"angle":45,"type":"extraTap","time":132.75},{"angle":45,"type":"extraTap","time":133.25},{"angle":45,"type":"extraTap","time":133.75},{"angle":45,"type":"extraTap","time":134.25},{"angle":45,"type":"extraTap","time":134.75},{"angle":30,"type":"extraTap","time":135.25},{"angle":45,"type":"extraTap","time":135.75},{"angle":45,"type":"extraTap","time":136.25},{"angle":45,"type":"extraTap","time":136.75},{"angle":45,"type":"extraTap","time":137},{"angle":45,"type":"extraTap","time":137.75},{"angle":45,"type":"extraTap","time":138.25},{"angle":45,"type":"extraTap","time":138.75},{"angle":45,"type":"extraTap","time":139.25},{"angle":45,"type":"extraTap","time":139.75},{"angle":45,"type":"extraTap","time":140.25},{"angle":45,"type":"extraTap","time":140.75},{"angle":45,"type":"extraTap","time":141.25},{"angle":45,"type":"extraTap","time":141.75},{"angle":45,"type":"extraTap","time":142.25},{"angle":45,"type":"extraTap","time":142.75},{"angle":45,"type":"extraTap","time":129.75},{"angle":0,"type":"block","time":132},{"angle":22.5,"type":"block","time":132},{"angle":67.5,"type":"mine","time":129.25},{"angle":90,"type":"mine","time":129.25},{"angle":270,"type":"mine","time":129.75},{"angle":292.5,"type":"mine","time":129.75},{"angle":247.5,"type":"mine","time":130.25},{"angle":270,"type":"mine","time":130.25},{"angle":45,"type":"mine","time":130.5},{"angle":67.5,"type":"mine","time":130.5},{"angle":22.5,"type":"mine","time":131.25},{"angle":45,"type":"mine","time":131.25},{"angle":337.5,"type":"mine","time":131.75},{"angle":315,"type":"mine","time":131.75},{"angle":60,"type":"mine","time":132.25},{"angle":75,"type":"mine","time":132.25},{"angle":105,"type":"block","time":132.5},{"angle":135,"type":"block","time":132.5},{"angle":285,"type":"block","time":133},{"angle":255,"type":"block","time":133},{"angle":180,"type":"mine","time":132.75},{"angle":210,"type":"mine","time":132.75},{"angle":165,"type":"block","time":133.5},{"angle":135,"type":"block","time":133.5},{"angle":195,"type":"mine","time":133.25},{"angle":225,"type":"mine","time":133.25},{"angle":270,"type":"block","time":134},{"angle":300,"type":"block","time":134},{"angle":210,"type":"mine","time":133.75},{"angle":240,"type":"mine","time":133.75},{"angle":15,"type":"block","time":134.5},{"angle":45,"type":"block","time":134.5},{"angle":330,"type":"mine","time":134.25},{"angle":345,"type":"mine","time":134.25},{"angle":165,"type":"block","time":135},{"angle":135,"type":"block","time":135},{"angle":75,"type":"mine","time":134.75},{"angle":105,"type":"mine","time":134.75},{"angle":15,"type":"block","time":135.5},{"angle":345,"type":"block","time":135.5},{"angle":75,"type":"mine","time":135.25},{"angle":45,"type":"mine","time":135.25},{"angle":210,"type":"block","time":136},{"angle":240,"type":"block","time":136},{"angle":270,"type":"mine","time":135.75},{"angle":300,"type":"mine","time":135.75},{"angle":345,"type":"block","time":136.75},{"angle":15,"type":"block","time":136.75},{"angle":285,"type":"mine","time":136.25},{"angle":315,"type":"mine","time":136.25},{"holdEase":"inSine","type":"hold","time":137,"angle":270,"duration":0.75,"angle2":0},{"angle":330,"type":"block","time":137.75},{"angle":45,"type":"block","time":138.5},{"angle":75,"type":"block","time":138.5},{"angle":135,"type":"block","time":139},{"angle":165,"type":"block","time":139},{"angle":225,"type":"block","time":139.5},{"angle":255,"type":"block","time":139.5},{"angle":315,"type":"block","time":140},{"angle":345,"type":"block","time":140},{"angle":240,"type":"block","time":140.5},{"angle":210,"type":"block","time":140.5},{"angle":300,"type":"block","time":141},{"angle":330,"type":"block","time":141},{"angle":165,"type":"block","time":141.5},{"angle":135,"type":"block","time":141.5},{"angle":120,"type":"mine","time":138.75},{"angle":90,"type":"mine","time":138.75},{"angle":180,"type":"mine","time":139.25},{"angle":210,"type":"mine","time":139.25},{"angle":270,"type":"mine","time":139.75},{"angle":300,"type":"mine","time":139.75},{"angle":75,"type":"mine","time":140.25},{"angle":105,"type":"mine","time":140.25},{"angle":255,"type":"mine","time":140.75},{"angle":285,"type":"mine","time":140.75},{"angle":240,"type":"mine","time":141.25},{"angle":210,"type":"mine","time":141.25},{"angle":60,"type":"block","time":141.75},{"angle":165,"type":"block","time":142},{"angle":195,"type":"block","time":142},{"angle":-255,"type":"block","time":142.25},{"angle":315,"type":"block","time":142.5},{"angle":345,"type":"block","time":142.5},{"angle":60,"type":"block","time":142.75},{"angle":165,"type":"block","time":143},{"angle":240,"type":"mine","time":141.75},{"angle":345,"type":"mine","time":142},{"angle":15,"type":"mine","time":142},{"angle":-75,"type":"mine","time":142.25},{"angle":165,"type":"mine","time":142.5},{"angle":135,"type":"mine","time":142.5},{"angle":240,"type":"mine","time":142.75},{"angle":315,"type":"mine","time":143},{"angle":345,"type":"mine","time":143},{"angle":210,"type":"block","time":143.25},{"angle":270,"type":"block","time":143.5},{"angle":330,"type":"block","time":143.75},{"angle":30,"type":"block","time":144},{"angle":75,"type":"block","time":144.125},{"angle":120,"type":"block","time":144.25},{"angle":165,"type":"block","time":144.375},{"angle":210,"type":"block","time":144.5},{"angle":255,"type":"block","time":144.625},{"angle":315,"type":"block","time":144.75},{"angle":15,"type":"block","time":144.875},{"speedMult":3,"type":"block","time":145,"angle":105,"tap":true},{"speedMult":3,"type":"block","time":145,"angle":75,"tap":true},{"speedMult":3,"type":"block","time":146,"angle":300,"tap":true},{"speedMult":3,"type":"block","time":146,"angle":330,"tap":true},{"angle":285,"time":147,"type":"block","tap":true},{"angle":315,"time":147,"type":"block","tap":true},{"speedMult":2,"type":"block","time":147.375,"angle":90,"tap":true},{"speedMult":2,"type":"block","time":147.375,"angle":60,"tap":true},{"speedMult":2,"type":"block","time":147.75,"angle":240,"tap":true},{"speedMult":2,"type":"block","time":147.75,"angle":210,"tap":true},{"speedMult":2,"type":"block","time":148,"angle":90,"tap":true},{"speedMult":2,"type":"block","time":148,"angle":120,"tap":true},{"speedMult":2,"type":"block","time":148.375,"angle":270,"tap":true},{"speedMult":2,"type":"block","time":148.375,"angle":240,"tap":true},{"speedMult":2,"type":"block","time":148.75,"angle":90,"tap":true},{"speedMult":2,"type":"block","time":148.75,"angle":60,"tap":true},{"speedMult":2,"type":"block","time":149,"angle":326.25,"tap":true},{"speedMult":2,"type":"block","time":149,"angle":356.25,"tap":true},{"angle":123.75,"type":"extraTap","time":145},{"holdEase":"inQuad","type":"hold","angle":360,"angle2":180,"speedMult":1.5,"duration":0.5,"time":149.5},{"holdEase":"inQuad","type":"hold","angle":14.25,"angle2":-180,"speedMult":1.5,"duration":0.375,"time":149.625},{"speedMult":1.5,"type":"hold","angle":56.25,"angle2":-180,"holdEase":"inQuad","duration":0.25,"time":149.75},{"speedMult":1.5,"type":"hold","angle":112.5,"angle2":-180,"holdEase":"inQuad","duration":0.125,"time":149.875},{"speedMult":1.5,"type":"mineHold","time":149.5,"angle":270,"duration":0.5,"angle2":270},{"speedMult":3,"type":"block","time":150,"angle":180,"tap":true},{"speedMult":3,"type":"block","time":150,"angle":157.5,"tap":true},{"speedMult":1.5,"angle":123.75,"time":150,"type":"extraTap"},{"holdEase":"outCirc","type":"hold","time":150.5,"angle":315,"duration":0.125,"angle2":348.75},{"holdEase":"outCirc","type":"hold","time":150.625,"angle":348.75,"duration":0.125,"angle2":326.25},{"holdEase":"outCirc","type":"hold","time":150.75,"angle":326.25,"duration":0.125,"angle2":360},{"angle":281.25,"time":151,"type":"side","tap":true},{"angle":270,"type":"side","time":151},{"angle":112.5,"time":151.375,"type":"side","tap":false},{"angle":101.25,"time":151.375,"type":"side","tap":true},{"angle":337.5,"type":"side","time":151.75},{"angle":348.75,"time":151.75,"type":"side","tap":true},{"angle":101.25,"type":"side","time":152},{"angle":90,"time":152,"type":"side","tap":true},{"angle":236.25,"time":152.375,"type":"side","tap":true},{"angle":247.5,"type":"side","time":152.375},{"angle":348.75,"type":"side","time":152.75},{"angle":337.5,"time":152.75,"type":"side","tap":true},{"holdEase":"outCirc","type":"hold","time":150.875,"angle":360,"duration":0.125,"angle2":315},{"angle":67.5,"type":"block","time":153},{"angle":45,"type":"block","time":153.75},{"angle":360,"type":"block","time":153.875},{"angle":315,"type":"block","time":154},{"angle":258.75,"type":"block","time":154.875},{"angle":303.75,"type":"block","time":154.75},{"angle":213.75,"type":"block","time":155},{"angle":202.5,"type":"block","time":155.75},{"angle":157.5,"type":"block","time":155.875},{"angle":112.5,"type":"block","time":156},{"angle":101.25,"type":"block","time":156.75},{"angle":11.25,"type":"block","time":157},{"angle":56.25,"type":"block","time":156.875},{"angle":112.5,"type":"side","time":153.375},{"angle":360,"type":"side","time":154.375},{"angle":258.75,"type":"side","time":155.375},{"angle":157.5,"type":"side","time":156.375},{"angle":337.5,"type":"block","time":157.125},{"angle":303.75,"type":"block","time":157.25},{"angle":270,"type":"block","time":157.375},{"angle":236.25,"type":"block","time":157.5},{"angle":202.5,"type":"block","time":157.625},{"angle":168.75,"type":"block","time":157.75},{"angle":135,"type":"block","time":157.875},{"angle":101.25,"type":"block","time":158},{"angle":56.25,"type":"block","time":158.125},{"angle":11.25,"type":"block","time":158.25},{"angle":315,"type":"block","time":158.375},{"angle":258.75,"type":"block","time":158.5},{"angle":202.5,"type":"block","time":158.625},{"angle":157.5,"type":"block","time":158.75},{"angle":101.25,"type":"block","time":158.875},{"angle":45,"type":"block","time":159},{"angle":337.5,"type":"block","time":159.125},{"angle":270,"type":"block","time":159.25},{"angle":202.5,"type":"block","time":159.375},{"angle":135,"type":"block","time":159.5},{"angle":67.5,"type":"block","time":159.625},{"angle":11.25,"type":"block","time":159.75},{"angle":303.75,"type":"block","time":159.875},{"angle":348.75,"type":"block","time":160},{"angle":56.25,"type":"block","time":160.125},{"angle":123.75,"type":"block","time":160.25},{"angle":202.5,"type":"block","time":160.375},{"angle":281.25,"type":"block","time":160.5},{"angle":360,"type":"block","time":160.625},{"angle":90,"type":"block","time":160.75},{"angle":191.25,"type":"block","time":160.875},{"angle":305.39987182617,"type":"block","time":161.125},{"angle":308.23382568359,"type":"block","time":161.25},{"angle":312.56335449219,"type":"block","time":161.375},{"angle":319.14462280273,"type":"block","time":161.5},{"angle":326.49655151367,"type":"block","time":161.625},{"angle":337.71078491211,"type":"block","time":161.75},{"angle":350.25140380859,"type":"block","time":161.875},{"angle":1.6568539142609,"type":"block","time":162},{"angle":16.486864089966,"type":"block","time":162.125},{"angle":32.507522583008,"type":"block","time":162.25},{"angle":48.939769744873,"type":"block","time":162.375},{"angle":68.328117370605,"type":"block","time":162.5},{"angle":86.219429016113,"type":"block","time":162.625},{"angle":106.2388381958,"type":"block","time":162.75},{"angle":126.11933898926,"type":"block","time":162.875},{"angle":148.14486694336,"type":"block","time":163},{"angle":166.64768981934,"type":"block","time":163.125},{"angle":187.77459716797,"type":"block","time":163.25},{"angle":205.92744445801,"type":"block","time":163.375},{"angle":228.61810302734,"type":"block","time":163.5},{"angle":244.89543151855,"type":"block","time":163.625},{"angle":262.76849365234,"type":"block","time":163.75},{"angle":275.43252563477,"type":"block","time":163.875},{"angle":287.76934814453,"type":"block","time":164},{"angle":303.02386474609,"type":"block","time":164.125},{"angle":315.5100402832,"type":"block","time":164.25},{"angle":325.39431762695,"type":"block","time":164.375},{"angle":338.91625976563,"type":"block","time":164.625},{"angle":345.24127197266,"type":"block","time":164.75},{"angle":347.35287475586,"type":"block","time":164.875},{"angle":303.75,"type":"block","time":161},{"angle":333.66458129883,"type":"block","time":164.5},{"angle":339.00128173828,"type":"block","time":165.125},{"angle":325.22772216797,"type":"block","time":165.25},{"angle":312.412109375,"type":"block","time":165.375},{"angle":334.36651611328,"type":"block","time":165.625},{"angle":323.99380493164,"type":"block","time":165.875},{"angle":329.92022705078,"type":"block","time":166.125},{"angle":331.66955566406,"type":"block","time":166.375},{"angle":313.5959777832,"type":"block","time":166.625},{"angle":13.600542068481,"type":"block","time":166.875},{"angle":26.375329971313,"type":"block","time":167},{"angle":37.311553955078,"type":"block","time":167.125},{"angle":42.698570251465,"type":"block","time":167.25},{"angle":76.263732910156,"type":"block","time":170.25},{"angle":76.28409576416,"type":"block","time":170.75},{"angle":105.67584228516,"type":"block","time":172.25},{"angle":88.798164367676,"time":172.5,"type":"block","tap":true},{"angle":58.877529144287,"type":"block","time":172.75},{"angle":27.299571990967,"type":"block","time":172.875},{"angle":75.650665283203,"type":"block","time":172.625},{"angle":99.395469665527,"type":"block","time":172.375},{"angle":110.63481903076,"type":"block","time":172.125},{"angle":135,"type":"block","time":171},{"angle":91.79793548584,"type":"block","time":170.875},{"angle":69.863693237305,"type":"block","time":170.625},{"angle":66.801406860352,"type":"block","time":170.5},{"angle":67.27027130127,"type":"block","time":170.375},{"angle":90.427574157715,"type":"block","time":170.125},{"angle":0,"type":"block","time":166.75},{"angle":281.12411499023,"type":"block","time":166.5},{"angle":11.013833045959,"type":"block","time":166.25},{"angle":292.0510559082,"type":"block","time":166},{"angle":0,"type":"block","time":165.75},{"angle":303.79406738281,"type":"block","time":165.5},{"angle":349.27114868164,"type":"block","time":165},{"angle":112.20807647705,"type":"block","time":172},{"angle":330,"time":173,"type":"block","tap":true},{"angle":165,"time":177.5,"type":"block","tap":true},{"angle":135,"time":177.625,"type":"block","tap":true},{"angle":180,"time":177.75,"type":"block","tap":true},{"angle":-120,"time":178.25,"type":"block","tap":true},{"angle":-105,"time":178.375,"type":"block","tap":true},{"angle":210.2879486084,"time":178.5,"type":"block","tap":true},{"angle":195,"type":"block","time":178},{"angle":151.82220458984,"time":177.875,"type":"block","tap":true},{"angle":218.81706237793,"time":178.125,"type":"block","tap":true},{"angle":177.32264709473,"type":"block","time":178.625},{"angle":118.91710662842,"time":178.75,"type":"side","tap":true},{"angle":106.28491973877,"time":178.75,"type":"side","tap":true},{"angle":170.63348388672,"time":179,"type":"inverse","tap":true},{"angle":-146.14289855957,"time":179.125,"type":"inverse","tap":true},{"angle":175.53717041016,"time":179.25,"type":"inverse","tap":true},{"angle":-132.93449401855,"time":179.375,"type":"inverse","tap":true},{"angle":78.814109802246,"time":179.625,"type":"inverse","tap":true},{"angle":41.071914672852,"time":179.75,"type":"inverse","tap":true},{"angle":30.614633560181,"type":"block","time":173.125},{"angle":60.41223526001,"time":173.25,"type":"block","tap":true},{"angle":124.58089447021,"type":"block","time":173.375},{"angle":149.92269897461,"time":173.5,"type":"block","tap":true},{"angle":161.80328369141,"type":"block","time":173.625},{"angle":197.65013122559,"time":173.75,"type":"block","tap":true},{"angle":255.47160339355,"time":173.875,"type":"block","tap":true},{"angle":309.74359130859,"type":"block","time":174},{"angle":297.91690063477,"time":174.125,"type":"block","tap":true},{"angle":260.64703369141,"time":174.5,"type":"block","tap":true},{"angle":232.5,"time":174.625,"type":"block","tap":true},{"angle":113.77891540527,"type":"block","time":174.875},{"angle":77.135765075684,"time":175,"type":"block","tap":true},{"angle":41.338066101074,"type":"block","time":175.125},{"angle":10.226858139038,"time":175.25,"type":"block","tap":true},{"angle":352.40536499023,"time":175.375,"type":"block","tap":true},{"angle":304.34936523438,"time":175.625,"type":"block","tap":true},{"angle":314.2194519043,"type":"block","time":175.875},{"angle":324.53909301758,"time":176.125,"type":"block","tap":true},{"angle":350.3063659668,"type":"block","time":176.625},{"angle":33.366367340088,"time":176.75,"type":"block","tap":true},{"angle":65.131362915039,"time":176.875,"type":"block","tap":true},{"angle":141.28366088867,"time":177.375,"type":"block","tap":true},{"angle":74.945686340332,"time":177.25,"type":"block","tap":true},{"angle":60,"time":177.125,"type":"block","tap":true},{"angle":90,"type":"block","time":177},{"angle":300,"time":176.5,"type":"block","tap":true},{"angle":315,"time":176.375,"type":"block","tap":true},{"angle":285,"time":176.25,"type":"block","tap":true},{"angle":360,"time":176,"type":"block","tap":true},{"angle":270,"time":175.75,"type":"block","tap":true},{"angle":345,"type":"block","time":175.5},{"angle":315,"time":174.375,"type":"block","tap":true},{"angle":255,"time":174.25,"type":"block","tap":true},{"angle":330,"type":"block","time":174},{"angle":165,"time":174.75,"type":"block","tap":true},{"angle":45.26403427124,"type":"inverse","time":167.375},{"angle":44.06844329834,"type":"inverse","time":167.5},{"angle":40.667686462402,"type":"inverse","time":167.625},{"angle":35.69962310791,"type":"inverse","time":167.75},{"angle":29.972890853882,"type":"inverse","time":167.875},{"angle":24.523477554321,"type":"inverse","time":168},{"angle":16.576921463013,"type":"inverse","time":168.125},{"angle":9.1470804214478,"type":"inverse","time":168.25},{"angle":356.68542480469,"type":"inverse","time":168.375},{"angle":342.57012939453,"type":"inverse","time":168.5},{"angle":331.13726806641,"type":"inverse","time":168.625},{"angle":316.16384887695,"type":"inverse","time":168.75},{"angle":301.53820800781,"type":"inverse","time":168.875},{"angle":284.71829223633,"type":"inverse","time":169},{"angle":266.55072021484,"type":"inverse","time":169.125},{"angle":248.91960144043,"type":"inverse","time":169.25},{"angle":230.17408752441,"type":"inverse","time":169.375},{"angle":208.74578857422,"type":"inverse","time":169.5},{"angle":192.12231445313,"type":"inverse","time":169.625},{"angle":173.47491455078,"type":"inverse","time":169.75},{"angle":152.39910888672,"type":"inverse","time":169.875},{"angle":135,"type":"inverse","time":170},{"angle":77.556663513184,"type":"inverse","time":171.125},{"angle":56.782325744629,"type":"inverse","time":171.25},{"angle":48.116176605225,"type":"inverse","time":171.375},{"angle":45.299976348877,"type":"inverse","time":171.5},{"angle":48.94518661499,"type":"inverse","time":171.625},{"angle":53.471145629883,"type":"inverse","time":171.75},{"angle":65.323135375977,"type":"inverse","time":171.875},{"angle":112.5,"type":"side","time":179.5},{"angle":180,"time":180,"type":"block","tap":true},{"angle":157.5,"time":180,"type":"block","tap":true},{"angle":135,"time":180,"type":"block","tap":true},{"holdEase":"inOutBack","type":"hold","time":180.25,"angle":360,"duration":0.125,"angle2":315},{"holdEase":"inOutBack","type":"hold","time":180.5,"angle":405,"duration":0.125,"angle2":360},{"angle":281.25,"time":180.75,"type":"side","tap":true},{"angle":270,"time":180.75,"type":"side","tap":true},{"angle":33.75,"time":180.875,"type":"side","tap":true},{"angle":45,"time":180.875,"type":"side","tap":true},{"angle":151.67501831055,"type":"block","time":181.125},{"angle":136.88818359375,"type":"block","time":181.375},{"angle":292.74157714844,"time":181.25,"type":"block","tap":true},{"angle":112.35969543457,"time":181,"type":"block","tap":true},{"speedMult":27,"type":"hold","time":181.5,"angle":67.5,"duration":0.125,"angle2":67.5},{"speedMult":27,"type":"hold","time":181.75,"angle":348.75,"duration":0.125,"angle2":348.75},{"angle":67.5,"time":181.5,"type":"block","tap":true},{"angle":67.5,"time":181.625,"type":"block","tap":true},{"angle":348.75,"time":181.75,"type":"block","tap":true},{"angle":348.75,"time":181.875,"type":"block","tap":true},{"angle":67.5,"time":182,"type":"block","tap":true},{"angle":146.25,"time":182.125,"type":"block","tap":true},{"angle":225,"time":182.25,"type":"block","tap":true},{"angle":360,"time":182.375,"type":"side","tap":true},{"angle":45,"type":"block","time":182.5},{"holdEase":"inOutBack","type":"hold","time":182.625,"angle":-225,"duration":0.125,"angle2":-180},{"holdEase":"inOutBack","type":"hold","time":182.875,"angle":-270,"duration":0.125,"angle2":-225},{"holdEase":"inOutBack","type":"hold","time":183.125,"angle":-495,"duration":0.125,"angle2":-450},{"holdEase":"inOutBack","type":"hold","time":183.375,"angle":-540,"duration":0.125,"angle2":-495},{"angle":221.08842468262,"type":"block","time":183.625},{"angle":214.54008483887,"type":"block","time":183.75},{"angle":203.38522338867,"type":"block","time":183.875},{"angle":196.43241882324,"type":"block","time":184},{"angle":193.51432800293,"type":"block","time":184.125},{"angle":198.57572937012,"type":"block","time":184.25},{"angle":212.58387756348,"type":"block","time":184.375},{"angle":241.0599822998,"type":"block","time":184.5},{"angle":281.74563598633,"type":"block","time":184.625},{"angle":347.26718139648,"type":"block","time":184.75},{"angle":180,"type":"block","time":186.875},{"angle":0,"type":"block","time":189.875},{"angle":180,"type":"block","time":204.625},{"holdEase":"outBack","angle":180,"time":184.9375,"angle2":540,"duration":1.0625,"type":"hold"},{"angle":157.5,"type":"block","time":186},{"angle":135,"type":"block","time":186.125},{"angle":112.5,"type":"block","time":186.25},{"angle":90,"type":"block","time":186.375},{"angle":67.5,"type":"block","time":186.5},{"type":"hold","angle2":-157.5,"time":186.5,"duration":0.375,"angle":45},{"angle":270,"type":"block","time":187.125},{"angle":22.5,"type":"block","time":187.375},{"type":"hold","angle2":360,"time":187.125,"duration":0.25,"angle":292.5},{"angle":202.5,"type":"side","time":187.75},{"angle":225,"type":"side","time":187.75},{"angle":135,"type":"block","time":188.125},{"angle":112.5,"type":"block","time":188.125},{"angle":67.5,"type":"block","time":188.375},{"angle":45,"type":"block","time":188.375},{"angle":135,"type":"block","time":188.625},{"angle":157.5,"type":"block","time":188.625},{"angle":22.5,"type":"block","time":188.875},{"angle":45,"type":"block","time":188.875},{"angle":90,"type":"block","time":189.125},{"angle":112.5,"type":"block","time":189.25},{"angle":135,"type":"block","time":189.375},{"type":"hold","angle2":22.5,"time":189.5,"duration":0.375,"angle":157.5},{"angle":202.5,"type":"inverse","time":190.25},{"angle":90,"type":"inverse","time":191},{"angle":168.75,"type":"inverse","time":190.625},{"angle":33.75,"type":"inverse","time":191.125},{"type":"mineHold","angle2":-146.25,"time":189.875,"duration":1.5,"angle":180},{"holdEase":"inOutBack","type":"hold","time":191.375,"angle":360,"duration":2.25,"angle2":67.5},{"angle":90,"type":"block","time":193.75},{"angle":112.5,"type":"block","time":193.875},{"angle":135,"type":"block","time":194},{"speedMult":27,"time":185,"type":"mineHold","holdEase":"outCirc","angle":0,"angle2":348.75,"tickRate":0,"duration":0.625},{"speedMult":27,"time":185,"type":"mineHold","holdEase":"outCirc","angle":0,"angle2":371.25,"tickRate":0,"duration":0.625},{"speedMult":27,"time":185,"type":"mineHold","holdEase":"outCirc","angle":0,"angle2":393.75,"tickRate":0,"duration":0.625},{"speedMult":27,"time":185.625,"type":"mineHold","tickRate":0,"angle":348.75,"angle2":360,"holdEase":"inCirc","duration":0.375},{"speedMult":27,"time":185.625,"type":"mineHold","tickRate":0,"angle":11.25,"angle2":0,"holdEase":"inCirc","duration":0.375},{"speedMult":27,"time":185.625,"type":"mineHold","holdEase":"inCirc","angle":33.75,"angle2":0,"tickRate":0,"duration":0.375},{"type":"mineHold","angle2":438.75,"time":187.375,"duration":0.625,"angle":247.5},{"angle":112.5,"time":179.875,"type":"block","tap":true},{"speedMult":99,"type":"hold","angle":-213.75,"angle2":-35,"holdEase":"outQuad","duration":0.5,"time":173},{"speedMult":99,"type":"hold","angle":-483.75,"angle2":-640,"holdEase":"outQuad","duration":0.625,"time":173.25},{"speedMult":99,"type":"hold","angle":22.5,"angle2":67.5,"holdEase":"outQuad","duration":0.5,"time":173.75},{"speedMult":99,"type":"hold","angle":112.5,"angle2":135,"holdEase":"outQuad","duration":0.25,"time":174.125},{"speedMult":99,"type":"hold","angle":67.5,"angle2":78.75,"holdEase":"outQuad","duration":0.25,"time":174.25},{"speedMult":99,"type":"hold","angle":-585,"angle2":-731.25,"holdEase":"outQuad","duration":0.375,"time":174.375},{"speedMult":99,"type":"hold","angle":78.75,"angle2":33.75,"holdEase":"outQuad","duration":0.125,"time":174.5},{"speedMult":99,"type":"hold","angle":-11.25,"angle2":-101.25,"holdEase":"outQuad","duration":0.25,"time":174.75},{"speedMult":99,"type":"hold","angle":-528.75,"angle2":-551.25,"holdEase":"outQuad","duration":0.125,"time":175.25},{"speedMult":99,"type":"hold","angle":-540,"angle2":-596.25,"holdEase":"outQuad","duration":0.25,"time":175.375},{"speedMult":99,"type":"hold","angle":-607.5,"angle2":-630,"holdEase":"outQuad","duration":0.125,"time":175.625},{"speedMult":99,"type":"hold","angle":90,"angle2":180,"holdEase":"outQuad","duration":0.25,"time":175.75},{"speedMult":99,"type":"hold","angle":-540,"angle2":-573.75,"holdEase":"outQuad","duration":0.125,"time":176},{"speedMult":99,"type":"hold","angle":213.75,"angle2":258.75,"holdEase":"outQuad","duration":0.125,"time":176.75},{"speedMult":99,"type":"hold","angle":-101.25,"angle2":-123.75,"holdEase":"outQuad","duration":0.25,"time":176.875},{"speedMult":99,"type":"hold","angle":-123.75,"angle2":-101.25,"holdEase":"outQuad","duration":0.125,"time":177.125},{"speedMult":99,"type":"hold","angle":-393.75,"angle2":-382.5,"holdEase":"outQuad","duration":0.125,"time":177.375},{"speedMult":99,"type":"hold","angle":-382.5,"angle2":-405,"holdEase":"outQuad","duration":0.125,"time":177.5},{"speedMult":99,"type":"hold","angle":-405,"angle2":-360,"holdEase":"outQuad","duration":0.125,"time":177.625},{"speedMult":99,"type":"hold","angle":0,"angle2":-22.5,"holdEase":"outQuad","duration":0.125,"time":177.75},{"speedMult":99,"type":"hold","angle":-382.5,"angle2":-315,"holdEase":"outQuad","duration":0.25,"time":177.875},{"speedMult":99,"type":"hold","angle":45,"angle2":67.5,"holdEase":"outQuad","duration":0.25,"time":178.125},{"speedMult":99,"type":"hold","angle":56.25,"angle2":33.75,"holdEase":"outQuad","duration":0.25,"time":178.25},{"holdEase":"outQuad","type":"mineHold","angle":146.25,"angle2":123.75,"speedMult":99,"duration":0.25,"time":176.5},{"speedMult":99,"type":"mineHold","angle":157.5,"angle2":191.25,"holdEase":"outQuad","duration":0.375,"time":176.375},{"holdEase":"outQuad","type":"mineHold","angle":123.75,"angle2":78.75,"speedMult":99,"duration":0.375,"time":176.25},{"holdEase":"inSine","type":"mineHold","time":193.25,"angle":247.5,"duration":1,"angle2":450},{"holdEase":"inOutSine","type":"hold","time":194.25,"angle":281.25,"duration":1.5,"angle2":720},{"angle":22.5,"type":"block","time":195.75},{"angle":78.75,"type":"block","time":196},{"angle":101.25,"type":"block","time":196},{"angle":337.5,"type":"block","time":196.25},{"angle":303.75,"type":"block","time":196.375},{"angle":281.25,"type":"block","time":196.375},{"angle":78.75,"type":"block","time":196.625},{"angle":56.25,"type":"block","time":196.625},{"angle":247.5,"type":"block","time":196.875},{"type":"hold","angle2":45,"time":196.875,"duration":0.5,"angle":225},{"angle":33.75,"type":"block","time":197.375},{"type":"hold","angle2":-202.5,"time":197.375,"duration":0.5,"angle":22.5},{"angle":90,"type":"block","time":198},{"angle":135,"type":"block","time":198.125},{"angle":67.5,"type":"block","time":198.25},{"angle":112.5,"type":"block","time":198.375},{"angle":22.5,"type":"block","time":198.5},{"angle":67.5,"type":"block","time":198.625},{"holdEase":"inQuad","type":"hold","time":198.75,"angle":360,"duration":0.5,"angle2":180},{"holdEase":"inQuad","type":"hold","time":199.625,"angle":180,"duration":0.375,"angle2":-11.25},{"holdEase":"inQuad","type":"hold","time":200.375,"angle":348.75,"duration":0.375,"angle2":146.25},{"holdEase":"inCirc","type":"hold","time":201.125,"angle":146.25,"duration":0.375,"angle2":-45},{"angle":123.75,"type":"block","time":200.75},{"angle":101.25,"type":"block","time":200.75},{"angle":168.75,"type":"block","time":201.125},{"angle":191.25,"type":"block","time":201.125},{"angle":11.25,"type":"block","time":200.375},{"angle":33.75,"type":"block","time":200.375},{"angle":326.25,"type":"block","time":200},{"angle":303.75,"type":"block","time":200},{"angle":157.5,"type":"block","time":199.25},{"angle":202.5,"type":"block","time":199.625},{"holdEase":"outCirc","type":"hold","time":201.5,"angle":270,"duration":1.25,"angle2":-33.75},{"holdEase":"linear","type":"hold","time":202.75,"angle":326.25,"duration":0.125,"angle2":360},{"type":"hold","angle2":-11.25,"time":202.875,"duration":0.125,"angle":0},{"holdEase":"outQuad","type":"hold","time":203,"angle":348.75,"duration":0.5,"angle2":213.75},{"angle":146.25,"type":"block","time":203.625},{"holdEase":"outCubic","type":"hold","time":203.75,"angle":90,"duration":0.5,"angle2":270},{"angle":292.5,"type":"block","time":204.375},{"type":"hold","angle2":236.25,"time":204.875,"duration":0.375,"angle":67.5},{"type":"hold","angle2":225,"time":205.25,"duration":0.375,"angle":236.25},{"angle":157.5,"type":"block","time":205.75},{"angle":78.75,"type":"block","time":205.875},{"holdEase":"inCirc","type":"hold","time":206,"angle":0,"duration":0.25,"angle2":-135},{"holdEase":"outCirc","type":"hold","time":206.25,"angle":225,"duration":0.25,"angle2":90},{"holdEase":"inCirc","type":"hold","time":206.5,"angle":90,"duration":0.25,"angle2":-45},{"holdEase":"outCirc","type":"hold","time":206.75,"angle":315,"duration":0.25,"angle2":180},{"holdEase":"outCirc","type":"hold","time":206.125,"angle":292.5,"duration":0.25,"angle2":157.5},{"holdEase":"inCirc","type":"hold","time":206.375,"angle":157.5,"duration":0.25,"angle2":22.5},{"holdEase":"outCirc","type":"hold","time":206.625,"angle":22.5,"duration":0.25,"angle2":-112.5},{"holdEase":"inCirc","type":"hold","time":206.875,"angle":247.5,"duration":0.125,"angle2":180},{"holdEase":"inCirc","type":"hold","time":207,"angle":-180,"duration":0.25,"angle2":-45},{"holdEase":"outCirc","type":"hold","time":207,"angle":180,"duration":0.125,"angle2":247.5},{"holdEase":"inCirc","type":"hold","time":207.125,"angle":247.5,"duration":0.25,"angle2":382.5},{"holdEase":"outCirc","type":"hold","time":207.25,"angle":315,"duration":0.25,"angle2":450},{"holdEase":"outCirc","type":"hold","time":207.375,"angle":382.5,"duration":0.25,"angle2":517.5},{"holdEase":"inCirc","type":"hold","time":207.5,"angle":450,"duration":0.25,"angle2":585},{"holdEase":"inCirc","type":"hold","time":207.625,"angle":157.5,"duration":0.25,"angle2":292.5},{"holdEase":"outCirc","type":"hold","time":207.75,"angle":225,"duration":0.25,"angle2":360},{"holdEase":"outCirc","type":"hold","time":207.875,"angle":292.5,"duration":0.25,"angle2":427.5},{"holdEase":"inCirc","type":"hold","time":208,"angle":360,"duration":0.25,"angle2":495},{"holdEase":"inCirc","type":"hold","time":208.125,"angle":67.5,"duration":0.25,"angle2":202.5},{"holdEase":"outCirc","type":"hold","time":208.25,"angle":135,"duration":0.25,"angle2":270},{"holdEase":"outCirc","type":"hold","time":208.375,"angle":202.5,"duration":0.25,"angle2":337.5},{"holdEase":"inCirc","type":"hold","time":208.5,"angle":270,"duration":0.25,"angle2":405},{"holdEase":"inCirc","type":"hold","time":208.625,"angle":-22.5,"duration":0.25,"angle2":135},{"holdEase":"outCirc","type":"hold","time":208.75,"angle":45,"duration":0.25,"angle2":180},{"angle":292.5,"type":"block","time":201.5},{"angle":315,"time":180.375,"type":"block","tap":true},{"angle":0,"time":180.625,"type":"block","tap":true},{"angle":0,"time":180.25,"type":"block","tap":true},{"angle":45,"time":180.5,"type":"block","tap":true},{"angle":67.5,"type":"block","time":184.875},{"angle":67.5,"type":"block","time":184.875},{"angle":213.75,"time":225,"type":"block","tap":true},{"holdEase":"inOutSine","type":"hold","time":209,"angle":-180,"duration":4,"angle2":-360},{"angle":101.25,"type":"side","time":214},{"angle":180,"time":217,"type":"block","tap":true},{"angle":180,"time":217.5,"type":"block","tap":true},{"angle":202.5,"type":"block","time":224.125},{"angle":202.5,"type":"block","time":224.25},{"angle":202.5,"type":"block","time":224.375},{"angle":213.75,"type":"block","time":224.5},{"angle":213.75,"type":"block","time":224.625},{"angle":213.75,"type":"block","time":224.75},{"angle":213.75,"type":"block","time":224.875},{"angle":56.25,"type":"extraTap","time":48},{"angle":56.25,"type":"extraTap","time":46},{"angle":56.25,"type":"extraTap","time":44},{"angle":56.25,"type":"extraTap","time":42},{"angle":348.75,"type":"extraTap","time":26},{"angle":258.75,"type":"extraTap","time":28},{"angle":180,"type":"extraTap","time":30},{"angle":180,"type":"extraTap","time":32},{"angle":180,"type":"extraTap","time":34},{"angle":180,"type":"extraTap","time":38},{"angle":180,"type":"extraTap","time":40},{"angle":180,"type":"extraTap","time":36},{"angle":101.25,"type":"block","time":337},{"angle":180,"type":"mine","time":217.125},{"speedMult":9,"type":"mineHold","angle":180,"angle2":0,"time":217.625,"duration":6.375,"holdEase":"inElastic"},{"type":"mineHold","angle2":180,"time":214,"duration":2.75,"angle":281.25},{"angle":202.5,"type":"side","time":224},{"angle":180,"type":"block","time":225.25},{"angle":146.25,"type":"block","time":225.5},{"angle":112.5,"type":"block","time":225.75},{"angle":78.75,"time":226,"type":"block","tap":true},{"angle":123.75,"type":"block","time":226.25},{"angle":67.5,"type":"block","time":226.5},{"angle":123.75,"type":"block","time":226.75},{"angle":78.75,"time":227,"type":"block","tap":true},{"angle":33.75,"type":"block","time":227.25},{"angle":348.75,"type":"block","time":227.5},{"angle":303.75,"type":"block","time":227.75},{"angle":0,"time":228,"type":"block","tap":true},{"angle":303.75,"type":"block","time":228.25},{"angle":258.75,"time":228.5,"type":"block","tap":true},{"angle":213.75,"type":"block","time":228.75},{"angle":168.75,"type":"block","time":229},{"angle":123.75,"type":"block","time":229.25},{"angle":67.5,"time":229.5,"type":"block","tap":true},{"angle":112.5,"type":"block","time":229.75},{"angle":157.5,"type":"block","time":230},{"angle":202.5,"type":"block","time":230.25},{"angle":247.5,"time":230.5,"type":"block","tap":true},{"angle":303.75,"type":"block","time":230.75},{"angle":258.75,"type":"block","time":231},{"angle":213.75,"type":"block","time":231.25},{"angle":168.75,"time":231.5,"type":"block","tap":true},{"angle":112.5,"type":"block","time":231.75},{"angle":168.75,"time":232,"type":"block","tap":true},{"angle":123.75,"type":"block","time":232.25},{"angle":78.75,"type":"block","time":232.5},{"angle":33.75,"type":"block","time":232.75},{"angle":337.5,"time":233,"type":"block","tap":true},{"angle":22.5,"type":"block","time":233.25},{"angle":67.5,"type":"block","time":233.5},{"angle":112.5,"type":"block","time":233.75},{"angle":157.5,"time":234,"type":"block","tap":true},{"angle":202.5,"type":"block","time":234.25},{"angle":247.5,"type":"block","time":234.5},{"angle":292.5,"type":"block","time":234.75},{"angle":348.75,"time":235,"type":"block","tap":true},{"angle":292.5,"type":"block","time":235.25},{"angle":337.5,"time":235.5,"type":"block","tap":true},{"angle":33.75,"type":"block","time":235.75},{"angle":78.75,"type":"block","time":236},{"angle":123.75,"type":"block","time":236.25},{"angle":168.75,"time":236.5,"type":"block","tap":true},{"angle":213.75,"type":"block","time":236.75},{"angle":258.75,"type":"block","time":237},{"angle":303.75,"type":"block","time":237.25},{"angle":360,"time":237.5,"type":"block","tap":true},{"angle":303.75,"type":"block","time":237.75},{"angle":360,"type":"block","time":238},{"angle":315,"type":"block","time":238.25},{"angle":270,"time":238.5,"type":"block","tap":true},{"angle":225,"type":"block","time":238.75},{"angle":146.25,"time":239,"type":"side","tap":true},{"angle":67.5,"type":"side","time":239.25},{"angle":0,"type":"side","time":239.5},{"angle":292.5,"type":"side","time":239.75},{"angle":247.5,"time":240,"type":"block","tap":true},{"angle":191.25,"type":"block","time":240.25},{"angle":236.25,"type":"block","time":240.5},{"angle":281.25,"type":"block","time":240.75},{"angle":326.25,"time":241,"type":"block","tap":true},{"angle":11.25,"type":"block","time":241.25},{"angle":56.25,"type":"block","time":241.5},{"angle":101.25,"type":"block","time":241.75},{"angle":146.25,"time":242,"type":"block","tap":true},{"angle":202.5,"type":"block","time":242.25},{"angle":157.5,"time":242.5,"type":"block","tap":true},{"angle":112.5,"type":"block","time":242.75},{"angle":67.5,"type":"block","time":243},{"angle":22.5,"type":"block","time":243.25},{"angle":337.5,"time":243.5,"type":"block","tap":true},{"angle":292.5,"type":"block","time":243.75},{"angle":247.5,"type":"block","time":244},{"angle":191.25,"type":"block","time":244.25},{"angle":236.25,"time":244.5,"type":"block","tap":true},{"angle":281.25,"type":"block","time":244.75},{"angle":326.25,"type":"block","time":245},{"angle":11.25,"type":"block","time":245.25},{"angle":56.25,"time":245.5,"type":"block","tap":true},{"angle":135,"type":"block","time":245.75},{"angle":236.25,"time":246,"type":"side","tap":true},{"angle":360,"type":"block","time":246.5},{"angle":315,"type":"side","time":246.25},{"angle":78.75,"type":"side","time":246.75},{"angle":157.5,"time":247,"type":"side","tap":true},{"angle":123.75,"type":"side","time":247.75},{"angle":247.5,"type":"side","time":247.25},{"angle":202.5,"type":"block","time":247.5},{"angle":45,"time":248,"type":"side","tap":true},{"angle":326.25,"type":"side","time":248.25},{"angle":281.25,"type":"block","time":248.5},{"angle":225,"type":"block","time":248.75},{"angle":270,"time":249,"type":"block","tap":true},{"angle":326.25,"type":"block","time":249.25},{"angle":11.25,"time":249.5,"type":"block","tap":true},{"angle":11.25,"type":"block","time":249.625},{"angle":45,"type":"block","time":249.75},{"angle":45,"type":"block","time":249.875},{"angle":78.75,"type":"block","time":250},{"angle":112.5,"type":"block","time":250.25},{"angle":157.5,"time":250.5,"type":"block","tap":true},{"angle":191.25,"type":"block","time":250.75},{"angle":225,"type":"block","time":251},{"angle":258.75,"type":"block","time":251.25},{"angle":213.75,"time":251.5,"type":"block","tap":true},{"angle":78.75,"type":"block","time":250.125},{"angle":157.5,"type":"block","time":250.625},{"angle":191.25,"type":"block","time":250.875},{"angle":225,"type":"block","time":251.125},{"angle":213.75,"type":"block","time":251.625},{"angle":180,"type":"block","time":251.75},{"angle":180,"type":"block","time":251.875},{"angle":146.25,"time":252,"type":"block","tap":true},{"angle":146.25,"type":"block","time":252.125},{"angle":112.5,"type":"block","time":252.25},{"angle":112.5,"type":"block","time":252.375},{"angle":78.75,"time":252.5,"type":"block","tap":true},{"angle":78.75,"type":"block","time":252.625},{"angle":33.75,"type":"block","time":252.75},{"angle":326.25,"type":"block","time":253},{"angle":258.75,"type":"block","time":253.25},{"angle":191.25,"type":"block","time":253.5},{"angle":101.25,"type":"block","time":253.75},{"angle":168.75,"time":254,"type":"block","tap":true},{"angle":236.25,"type":"block","time":254.25},{"angle":303.75,"type":"block","time":254.5},{"angle":33.75,"type":"block","time":254.75},{"angle":303.75,"time":255,"type":"block","tap":true},{"angle":11.25,"type":"block","time":255.25},{"angle":78.75,"type":"block","time":255.5},{"angle":146.25,"type":"block","time":255.75},{"angle":213.75,"time":256,"type":"block","tap":true},{"angle":281.25,"type":"block","time":256.25},{"angle":11.25,"time":256.5,"type":"block","tap":true},{"angle":303.75,"type":"block","time":256.75},{"angle":236.25,"type":"block","time":257},{"angle":146.25,"type":"block","time":257.25},{"angle":213.75,"time":257.5,"type":"block","tap":true},{"angle":303.75,"type":"block","time":257.75},{"angle":236.25,"type":"block","time":258},{"angle":168.75,"type":"block","time":258.25},{"angle":101.25,"time":258.5,"type":"block","tap":true},{"angle":33.75,"type":"block","time":258.75},{"angle":326.25,"type":"block","time":259},{"angle":258.75,"type":"block","time":259.25},{"angle":191.25,"time":259.5,"type":"block","tap":true},{"speedMult":0.75,"angle":213.75,"time":217,"type":"extraTap"},{"speedMult":0.75,"angle":213.75,"time":217.5,"type":"extraTap"},{"angle":33.75,"time":260,"type":"block","tap":true},{"angle":123.75,"type":"block","time":259.75},{"angle":101.25,"type":"block","time":260.25},{"angle":168.75,"type":"block","time":260.5},{"angle":236.25,"type":"block","time":260.75},{"angle":303.75,"time":261,"type":"block","tap":true},{"angle":22.5,"type":"block","time":261.25},{"angle":123.75,"type":"block","time":261.5},{"angle":56.25,"type":"block","time":261.75},{"angle":348.75,"time":262,"type":"block","tap":true},{"angle":258.75,"type":"block","time":262.25},{"angle":348.75,"type":"block","time":262.5},{"angle":258.75,"type":"block","time":262.75},{"angle":326.25,"time":263,"type":"block","tap":true},{"angle":33.75,"type":"block","time":263.25},{"angle":101.25,"time":263.5,"type":"block","tap":true},{"angle":168.75,"type":"block","time":263.75},{"angle":236.25,"type":"block","time":264},{"angle":326.25,"type":"block","time":264.25},{"angle":258.75,"time":264.5,"type":"block","tap":true},{"angle":191.25,"type":"block","time":264.75},{"angle":123.75,"type":"block","time":265},{"angle":56.25,"type":"block","time":265.25},{"angle":326.25,"time":265.5,"type":"block","tap":true},{"angle":33.75,"type":"block","time":265.75},{"angle":101.25,"time":266,"type":"block","tap":true},{"angle":168.75,"type":"block","time":266.25},{"angle":236.25,"time":266.5,"type":"block","tap":true},{"angle":303.75,"type":"block","time":266.75},{"angle":45,"time":267,"type":"side","tap":true},{"angle":146.25,"type":"side","time":267.25},{"angle":247.5,"type":"side","time":267.5},{"angle":348.75,"type":"side","time":267.75},{"angle":90,"time":268,"type":"side","tap":true},{"angle":191.25,"type":"side","time":268.25},{"angle":281.25,"type":"block","time":268.5},{"angle":191.25,"type":"block","time":268.75},{"angle":281.25,"time":269,"type":"block","tap":true},{"angle":213.75,"type":"block","time":269.25},{"angle":146.25,"type":"block","time":269.5},{"angle":78.75,"type":"block","time":269.75},{"angle":11.25,"time":270,"type":"block","tap":true},{"angle":303.75,"type":"block","time":270.25},{"angle":236.25,"time":270.5,"type":"block","tap":true},{"angle":168.75,"type":"block","time":270.75},{"angle":101.25,"type":"block","time":271},{"angle":33.75,"type":"block","time":271.25},{"angle":123.75,"type":"side","time":272.25},{"angle":180,"type":"side","time":271.75},{"angle":270,"type":"block","time":272},{"angle":56.25,"type":"side","time":272.5},{"angle":0,"type":"block","time":272.75},{"angle":337.5,"type":"side","time":273.25},{"angle":270,"type":"block","time":273},{"angle":326.25,"time":271.5,"type":"block","tap":true},{"angle":157.5,"type":"side","time":273.75},{"angle":56.25,"type":"block","time":273.5},{"angle":45,"type":"inverse","time":274},{"angle":348.75,"type":"inverse","time":274.25},{"angle":236.25,"type":"inverse","time":274.75},{"angle":112.5,"type":"side","time":275},{"angle":348.75,"type":"block","time":275.5},{"angle":45,"type":"block","time":275.75},{"angle":101.25,"type":"block","time":276},{"angle":270,"type":"block","time":276.75},{"angle":22.5,"type":"side","time":277},{"angle":90,"type":"block","time":277.75},{"angle":45,"type":"block","time":278},{"angle":0,"type":"block","time":278.25},{"angle":22.5,"type":"block","time":279},{"angle":292.5,"type":"side","time":278.75},{"angle":78.75,"type":"side","time":278.5},{"angle":67.5,"type":"side","time":278.5},{"angle":303.75,"type":"side","time":278.75},{"angle":11.25,"type":"side","time":277},{"angle":292.5,"type":"block","time":274.5},{"angle":56.25,"type":"inverse","time":275.25},{"angle":157.5,"type":"inverse","time":276.25},{"angle":213.75,"type":"inverse","time":276.5},{"angle":135,"type":"inverse","time":277.5},{"angle":78.75,"type":"inverse","time":277.25},{"angle":78.75,"type":"block","time":279.25},{"angle":135,"type":"block","time":279.5},{"angle":191.25,"type":"block","time":279.75},{"angle":247.5,"type":"block","time":280},{"angle":258.75,"type":"block","time":280.125},{"angle":315,"type":"block","time":280.25},{"angle":326.25,"type":"block","time":280.375},{"angle":33.75,"type":"block","time":280.5},{"angle":22.5,"type":"block","time":280.625},{"angle":67.5,"type":"block","time":280.75},{"angle":78.75,"type":"block","time":280.875},{"angle":22.5,"type":"block","time":281},{"angle":11.25,"type":"block","time":281.125},{"type":"mineHold","angle2":348.75,"time":281.25,"duration":0,"angle":303.75},{"angle":157.5,"type":"block","time":282},{"type":"block","angle":247.5,"time":281.75},{"angle":67.5,"type":"block","time":283},{"angle":202.5,"type":"side","time":282.25},{"type":"side","angle":292.5,"time":285},{"angle":157.5,"type":"block","time":284.25},{"angle":90,"type":"block","time":284.75},{"angle":315,"type":"block","time":285.25},{"type":"block","angle":225,"time":283.75},{"type":"block","angle":112.5,"time":284},{"type":"block","angle":45,"time":284.5},{"type":"side","angle":247.5,"time":283.25},{"type":"block","angle":337.5,"time":283.5},{"angle":67.5,"type":"block","time":285.5},{"angle":157.5,"type":"block","time":285.75},{"angle":270,"type":"block","time":286},{"type":"side","angle":337.5,"time":282.75},{"type":"block","angle":90,"time":282.5},{"angle":270,"type":"side","time":288.5},{"type":"side","angle":112.5,"time":287},{"angle":22.5,"type":"side","time":289},{"type":"side","angle":135,"time":289.5},{"angle":225,"type":"side","time":291},{"type":"side","angle":112.5,"time":291.5},{"angle":78.75,"type":"side","time":293},{"angle":202.5,"type":"side","time":293.5},{"type":"side","angle":292.5,"time":295},{"angle":213.75,"type":"side","time":296},{"type":"side","angle":11.25,"time":297},{"type":"side","angle":303.75,"time":297.25},{"angle":123.75,"type":"side","time":298},{"type":"side","angle":11.25,"time":299.5},{"type":"side","angle":123.75,"time":300},{"type":"side","angle":213.75,"time":300.25},{"type":"side","angle":146.25,"time":300.5},{"angle":33.75,"type":"side","time":301},{"type":"side","angle":281.25,"time":301.5},{"angle":11.25,"type":"side","time":302.5},{"type":"side","angle":123.75,"time":303},{"type":"side","angle":213.75,"time":303.25},{"type":"side","angle":78.75,"time":303.75},{"type":"side","angle":146.25,"time":303.5},{"type":"side","angle":348.75,"time":304.75},{"angle":213.75,"type":"side","time":307},{"type":"side","angle":101.25,"time":307.5},{"angle":236.25,"type":"side","time":308.5},{"type":"side","angle":168.75,"time":310},{"angle":56.25,"type":"side","time":312},{"angle":281.25,"type":"side","time":313},{"type":"side","angle":78.75,"time":314},{"angle":348.75,"type":"side","time":314.25},{"type":"side","angle":101.25,"time":317},{"angle":33.75,"type":"side","time":315.5},{"type":"side","angle":0,"time":319},{"angle":202.5,"type":"side","time":320},{"type":"side","angle":292.5,"time":321},{"angle":292.5,"type":"side","time":322},{"type":"side","angle":337.5,"time":322.75},{"angle":112.5,"type":"side","time":324},{"angle":112.5,"type":"side","time":326},{"type":"side","angle":112.5,"time":327.5},{"type":"side","angle":360,"time":329.5},{"angle":225,"type":"side","time":330},{"type":"side","angle":337.5,"time":331},{"angle":236.25,"type":"side","time":332.5},{"angle":326.25,"type":"side","time":333},{"angle":67.5,"type":"side","time":333.25},{"angle":236.25,"type":"side","time":334},{"angle":303.75,"type":"side","time":333.75},{"angle":157.5,"type":"side","time":334.25},{"angle":67.5,"type":"side","time":334.5},{"angle":326.25,"type":"side","time":334.75},{"type":"side","angle":22.5,"time":335.5},{"type":"side","angle":90,"time":335.75},{"angle":78.75,"type":"side","time":336.25},{"angle":225,"type":"side","time":336.75},{"angle":337.5,"type":"side","time":336.5},{"type":"block","angle":157.5,"time":287.25},{"angle":202.5,"type":"block","time":287.5},{"angle":247.5,"type":"block","time":287.75},{"angle":292.5,"type":"block","time":288},{"angle":360,"type":"block","time":288.25},{"angle":315,"type":"block","time":288.75},{"angle":67.5,"type":"block","time":289.25},{"angle":202.5,"type":"block","time":289.75},{"angle":135,"type":"block","time":290},{"angle":180,"type":"block","time":290.25},{"angle":315,"type":"block","time":286.25},{"angle":360,"type":"block","time":286.5},{"angle":45,"type":"block","time":286.75},{"angle":225,"type":"block","time":290.5},{"angle":292.5,"type":"block","time":290.75},{"angle":180,"type":"block","time":291.25},{"angle":67.5,"type":"block","time":291.75},{"angle":0,"type":"block","time":292},{"angle":45,"type":"block","time":292.25},{"angle":101.25,"type":"block","time":292.5},{"angle":168.75,"type":"block","time":292.75},{"angle":135,"type":"block","time":293.25},{"angle":247.5,"type":"block","time":293.75},{"angle":292.5,"type":"block","time":294},{"angle":337.5,"type":"block","time":294.25},{"angle":45,"type":"block","time":294.5},{"angle":0,"type":"block","time":294.75},{"angle":247.5,"type":"block","time":295.25},{"angle":191.25,"type":"block","time":295.5},{"angle":123.75,"type":"block","time":295.75},{"angle":168.75,"type":"block","time":296.25},{"angle":123.75,"type":"block","time":296.5},{"angle":78.75,"type":"block","time":296.75},{"angle":258.75,"type":"block","time":297.5},{"angle":213.75,"type":"block","time":297.75},{"angle":168.75,"type":"block","time":298.25},{"angle":236.25,"type":"block","time":298.5},{"angle":191.25,"type":"block","time":298.75},{"angle":146.25,"type":"block","time":299},{"angle":101.25,"type":"block","time":299.25},{"angle":56.25,"type":"block","time":299.75},{"angle":101.25,"type":"block","time":300.75},{"angle":348.75,"type":"block","time":301.25},{"angle":213.75,"type":"block","time":301.75},{"angle":258.75,"type":"block","time":302},{"angle":303.75,"type":"block","time":302.25},{"angle":56.25,"type":"block","time":302.75},{"angle":33.75,"type":"block","time":304},{"angle":348.75,"type":"block","time":304.25},{"angle":281.25,"type":"block","time":304.5},{"type":"block","angle":33.75,"time":305},{"type":"block","angle":78.75,"time":305.25},{"type":"block","angle":146.25,"time":305.5},{"type":"block","angle":78.75,"time":305.75},{"type":"block","angle":123.75,"time":306},{"type":"block","angle":168.75,"time":306.25},{"type":"block","angle":213.75,"time":306.5},{"type":"block","angle":281.25,"time":306.75},{"type":"block","angle":168.75,"time":307.25},{"type":"block","angle":56.25,"time":307.75},{"type":"block","angle":11.25,"time":308},{"type":"block","angle":326.25,"time":308.25},{"type":"block","angle":281.25,"time":308.75},{"type":"block","angle":326.25,"time":309},{"type":"block","angle":11.25,"time":309.25},{"type":"block","angle":56.25,"time":309.5},{"type":"block","angle":101.25,"time":309.75},{"type":"block","angle":213.75,"time":310.25},{"type":"block","angle":281.25,"time":310.5},{"type":"block","angle":236.25,"time":310.75},{"type":"block","angle":191.25,"time":311},{"type":"block","angle":146.25,"time":311.25},{"type":"block","angle":78.75,"time":311.5},{"type":"block","angle":146.25,"time":311.75},{"type":"block","angle":101.25,"time":312.25},{"type":"block","angle":146.25,"time":312.5},{"type":"block","angle":191.25,"time":312.75},{"type":"block","angle":236.25,"time":313.25},{"type":"block","angle":191.25,"time":313.5},{"type":"block","angle":146.25,"time":313.75},{"type":"block","angle":33.75,"time":314.5},{"type":"block","angle":78.75,"time":314.75},{"type":"block","angle":146.25,"time":315},{"type":"block","angle":101.25,"time":315.25},{"type":"block","angle":348.75,"time":315.75},{"type":"block","angle":303.75,"time":316},{"type":"block","angle":258.75,"time":316.25},{"type":"block","angle":213.75,"time":316.5},{"type":"block","angle":168.75,"time":316.75},{"type":"block","angle":22.5,"time":317.25},{"type":"block","angle":67.5,"time":317.5},{"type":"block","angle":135,"time":317.75},{"type":"block","angle":90,"time":318},{"type":"block","angle":45,"time":318.25},{"type":"block","angle":0,"time":318.5},{"type":"block","angle":292.5,"time":318.75},{"type":"block","angle":45,"time":319.25},{"type":"block","angle":90,"time":319.5},{"type":"block","angle":135,"time":319.75},{"type":"block","angle":247.5,"time":320.25},{"type":"block","angle":292.5,"time":320.5},{"type":"block","angle":360,"time":320.75},{"type":"block","angle":247.5,"time":321.25},{"type":"block","angle":180,"time":321.5},{"type":"block","angle":225,"time":321.75},{"type":"block","angle":337.5,"time":322.25},{"type":"block","angle":45,"time":322.5},{"type":"block","angle":270,"time":323},{"type":"block","angle":315,"time":323.25},{"type":"block","angle":360,"time":323.5},{"type":"block","angle":45,"time":323.75},{"type":"block","angle":180,"time":324.25},{"type":"block","angle":135,"time":324.5},{"type":"block","angle":67.5,"time":324.75},{"type":"block","angle":112.5,"time":325},{"type":"block","angle":157.5,"time":325.25},{"type":"block","angle":225,"time":325.5},{"type":"block","angle":180,"time":325.75},{"type":"block","angle":56.25,"time":326.25},{"type":"block","angle":0,"time":326.5},{"type":"block","angle":303.75,"time":326.75},{"type":"block","angle":247.5,"time":327},{"type":"block","angle":191.25,"time":327.25},{"type":"block","angle":56.25,"time":327.75},{"type":"block","angle":337.5,"time":328},{"type":"block","angle":33.75,"time":328.25},{"type":"block","angle":90,"time":328.5},{"type":"block","angle":146.25,"time":328.75},{"type":"block","angle":202.5,"time":329},{"type":"block","angle":258.75,"time":329.25},{"type":"block","angle":303.75,"time":329.75},{"type":"block","angle":168.75,"time":330.25},{"type":"block","angle":112.5,"time":330.5},{"type":"block","angle":56.25,"time":330.75},{"type":"block","angle":281.25,"time":331.25},{"type":"block","angle":225,"time":331.5},{"type":"block","angle":168.75,"time":331.75},{"type":"block","angle":90,"time":332},{"type":"block","angle":146.25,"time":332.25},{"holdEase":"inSine","type":"hold","time":335,"angle":281.25,"duration":1,"angle2":528.75},{"angle":168.75,"time":336,"type":"hold","duration":1,"angle2":-258.75}]