{"properties":{"speed":70,"offset":8,"formatversion":14},"events":[{"bpm":120,"type":"play","time":-1,"volume":2,"angle":112.5,"file":"They Are Many Colors.ogg"},{"var":"vfx.notesFollowPlayer","angle":67.5,"time":-4,"enable":false,"type":"setBoolean"},{"time":-4,"recolor":0,"id":"box","y":145,"type":"deco","angle":225,"x":265,"sprite":"box.png"},{"repeatDelay":0.16666665673256,"var":"scrollSpeed","type":"ease","time":56.5,"value":1.0099999904633,"angle":112.5,"repeats":74},{"repeatDelay":0.16666665673256,"var":"scrollSpeed","type":"ease","time":56.583332061768,"value":1,"angle":112.5,"repeats":74},{"var":"scrollSpeed","type":"ease","time":81,"value":3,"angle":157.5},{"repeatDelay":0.25,"var":"scrollSpeed","type":"ease","time":69,"value":1,"angle":112.5,"repeats":24},{"repeatDelay":0.25,"var":"scrollSpeed","type":"ease","time":69.125,"value":0.97000002861023,"angle":112.5,"repeats":24},{"repeatDelay":0.25,"var":"scrollSpeed","type":"ease","time":75,"value":0.9200000166893,"angle":112.5,"repeats":20},{"repeatDelay":0.25,"var":"scrollSpeed","type":"ease","time":75.125,"value":0.87999999523163,"angle":112.5,"repeats":20},{"angle":0,"type":"setColor","time":-4,"g":23,"r":23,"color":2,"b":23},{"type":"noise","time":-4,"angle":315,"color":2,"chance":0.050000000745058},{"angle":22.5,"type":"setColor","time":-4,"g":58,"r":58,"color":1,"b":58},{"voidColor":1,"time":-4,"angle":337.5,"color":1,"type":"setBgColor"},{"drawLayer":"bg","sprite":"symbols!1#0","recolor":4,"id":"sym","y":10,"time":25,"type":"deco","sx":4,"sy":4,"angle":67.5,"x":130},{"type":"deco","sprite":"symbols!1#1","time":25.166667938232,"id":"sym","angle":67.5},{"type":"deco","sprite":"symbols!1#2","time":25.333333969116,"id":"sym","angle":67.5},{"type":"deco","sprite":"symbols!1#3","time":26,"id":"sym","angle":67.5},{"type":"deco","sprite":"symbols!1#4","time":26.666666666667,"id":"sym","angle":67.5},{"type":"deco","sprite":"symbols!1#5","time":27.5,"id":"sym","angle":67.5},{"type":"deco","sprite":"symbols!1#6","time":28.25,"id":"sym","angle":67.5},{"type":"deco","sprite":"symbols!1#7","time":29,"id":"sym","angle":67.5},{"type":"deco","sprite":"symbols!1#8","time":30,"id":"sym","angle":67.5},{"type":"deco","sprite":"symbols!1#9","time":31.25,"id":"sym","angle":67.5},{"type":"deco","sprite":"symbols!1#10","time":31.5,"id":"sym","angle":67.5},{"angle":90,"type":"setColor","time":25,"g":255,"r":255,"color":4,"b":255},{"time":35,"r":0,"color":4,"ease":"inSine","angle":135,"type":"setColor","g":0,"b":0,"duration":12},{"hide":true,"angle":135,"time":47,"id":"sym","type":"deco"},{"drawLayer":"fg","sprite":"chat!1#0","recolor":5,"id":"chat","y":302,"time":27,"type":"deco","sx":4,"sy":4,"angle":112.5,"x":178},{"angle":90,"type":"setColor","time":27,"g":255,"r":255,"color":5,"b":255},{"hide":true,"angle":112.5,"sprite":"chat!1#0","type":"deco","id":"chat","time":31},{"hide":false,"angle":112.5,"sprite":"chat!1#1","type":"deco","id":"chat","time":34.5},{"hide":true,"angle":112.5,"sprite":"chat!1#2","type":"deco","id":"chat","time":38.75},{"hide":false,"angle":112.5,"sprite":"chat!1#2","type":"deco","id":"chat","time":43},{"hide":true,"angle":112.5,"sprite":"chat!1#3","type":"deco","id":"chat","time":45.75},{"hide":false,"angle":112.5,"sprite":"chat!1#3","type":"deco","id":"chat","time":48},{"hide":true,"angle":112.5,"sprite":"chat!1#0","type":"deco","id":"chat","time":52.25},{"angle":337.5,"type":"setColor","time":80,"g":0,"r":0,"color":0,"b":0},{"angle":360,"type":"setColor","time":80,"g":0,"r":0,"color":1,"b":0},{"x":120,"type":"deco","angle":135,"sprite":"manytheyarecolors.png","time":80,"id":"manyaretheycolors","y":0},{"angle":292.5,"type":"setColor","time":80,"g":0,"r":0,"color":7,"b":0},{"angle":270,"type":"setColor","time":80,"g":0,"r":0,"color":6,"b":0},{"angle":247.5,"type":"setColor","time":80,"g":0,"r":0,"color":5,"b":0},{"angle":225,"type":"setColor","time":80,"g":255,"r":255,"color":4,"b":255},{"angle":247.5,"type":"setColor","time":80.625,"g":0,"r":255,"color":5,"b":0},{"angle":270,"type":"setColor","time":80.708335876465,"g":255,"r":0,"color":6,"b":0},{"angle":292.5,"type":"setColor","time":80.79167175293,"g":0,"r":0,"color":7,"b":255},{"angle":45,"type":"setColor","time":81,"g":0,"r":255,"color":1,"b":0},{"angle":67.5,"type":"setColor","time":81,"g":0,"r":0,"color":0,"b":0},{"var":"p.outlineColor","type":"ease","time":81,"value":1,"angle":90},{"angle":258.75,"spriteName":"none","time":-4,"type":"forcePlayerSprite"},{"hide":true,"angle":315,"time":81,"id":"manyaretheycolors","type":"deco"},{"var":"p.feedbackAmplitude","type":"ease","time":80.666664123535,"value":10,"angle":67.5},{"var":"p.feedbackDuration","type":"ease","time":80.666664123535,"value":24,"angle":90},{"bpm":84,"angle":67.5,"time":80,"type":"setBPM"},{"bpm":120,"angle":135,"time":81,"type":"setBPM"},{"drawLayer":"bg","hide":false,"sprite":"spiral!1@120","id":"spiral","y":-360,"x":-600,"parentid":"anchor","type":"deco","sx":2,"sy":2,"time":81,"angle":213.75,"drawOrder":0},{"effectCanvasRaw":false,"id":"grid1","time":81,"effectCanvas":true,"type":"deco","x":0,"order":0,"y":0,"angle":258.75,"sprite":"grid!1@16","drawLayer":"bg","drawOrder":-1},{"description":"","time":80,"r":255,"angle":45,"g":0,"b":0,"type":"bookmark","name":"Section"},{"type":"deco","time":26,"angle":22.5,"id":"anchor","order":0},{"time":81,"r":360,"id":"anchor","order":1,"oy":72,"ox":72,"type":"deco","angle":225,"duration":30},{"type":"noise","time":80,"angle":90,"color":0,"chance":0},{"voidColor":0,"time":80,"angle":112.5,"color":0,"type":"setBgColor"},{"effectCanvasRaw":false,"hide":true,"sprite":"grid!1@16","effectCanvas":true,"time":81,"id":"grid2","y":360,"order":0,"x":0,"type":"deco","drawLayer":"bg","angle":270,"drawOrder":-1},{"effectCanvasRaw":false,"sprite":"grid!1@16","effectCanvas":true,"drawLayer":"bg","id":"grid1","y":-360,"time":96.5,"x":0,"angle":240,"order":0,"type":"deco","duration":0.25,"drawOrder":-1},{"effectCanvasRaw":false,"sprite":"grid!1@16","effectCanvas":true,"drawLayer":"bg","x":0,"y":0,"time":96.5,"id":"grid2","angle":270,"order":2,"type":"deco","duration":0.25,"drawOrder":-1},{"effectCanvasRaw":false,"id":"grid1","time":96.5,"effectCanvas":true,"type":"deco","x":0,"order":-1,"y":0,"angle":225,"sprite":"grid!1@16","drawLayer":"bg","drawOrder":-1},{"effectCanvasRaw":false,"hide":false,"sprite":"grid!1@16","effectCanvas":true,"time":96.5,"id":"grid2","y":360,"order":1,"x":0,"type":"deco","drawLayer":"bg","angle":255,"drawOrder":-1},{"effectCanvasRaw":false,"x":0,"order":0,"sprite":"grid!1@16","effectCanvas":true,"drawLayer":"bg","id":"grid1","y":-360,"ease":"outQuad","time":96.75,"angle":225,"type":"deco","duration":0.5,"drawOrder":-1},{"effectCanvasRaw":false,"x":0,"y":0,"sprite":"grid!1@16","effectCanvas":true,"drawLayer":"bg","id":"grid2","order":2,"ease":"outQuad","time":96.75,"angle":270,"type":"deco","duration":0.5,"drawOrder":-1},{"effectCanvasRaw":false,"id":"grid1","sprite":"grid!1@16","effectCanvas":true,"angle":240,"x":0,"y":0,"order":-1,"type":"deco","time":96.75,"drawLayer":"bg","drawOrder":-1},{"effectCanvasRaw":false,"id":"grid2","sprite":"grid!1@16","effectCanvas":true,"angle":255,"x":0,"y":360,"order":1,"type":"deco","time":96.75,"drawLayer":"bg","drawOrder":-1},{"drawLayer":"fg","angle":345,"type":"deco","time":81,"recolor":3,"id":"box","drawOrder":10},{"hide":true,"angle":240,"time":97.25,"id":"grid1","type":"deco"},{"angle":157.5,"time":-4,"enable":false,"color":1,"type":"outline"},{"ease":"linear","type":"paddles","angle":11.25,"time":96.375,"enabled":false,"duration":0,"paddle":1},{"time":96.875,"enabled":true,"paddle":1,"ease":"linear","type":"paddles","angle":348.75,"duration":0,"newWidth":70},{"time":96.5,"value":3,"angle":22.5,"ease":"outSine","var":"scrollSpeed","type":"ease","start":5,"duration":0.5},{"ease":"linear","time":95,"angle":56.25,"paddle":1,"duration":0,"newWidth":120,"type":"paddles"},{"ease":"inBack","var":"scrollSpeed","type":"ease","time":110,"value":6,"duration":0.75,"angle":0},{"ease":"outSine","var":"scrollSpeed","type":"ease","time":111,"value":2.5,"duration":2,"angle":33.75},{"drawLayer":"bg","time":26,"recolor":3,"x":-80,"y":-80,"parentid":"anchor","type":"deco","sx":0.40000000596046,"sy":0.40000000596046,"id":"box2","sprite":"bigger box.png","angle":360},{"angle":45,"hide":true,"type":"deco","time":26,"r":45,"id":"anchor","order":1},{"hide":true,"angle":360,"time":26.75,"id":"box2","type":"deco"},{"hide":false,"angle":360,"time":28,"id":"box2","type":"deco"},{"hide":true,"angle":360,"time":28.75,"id":"box2","type":"deco"},{"angle":45,"type":"setColor","time":-4,"g":0,"r":0,"color":3,"b":0},{"hide":false,"angle":360,"time":30,"id":"box2","type":"deco"},{"angle":337.5,"time":30.5,"r":0,"id":"anchor","type":"deco"},{"hide":true,"angle":0,"time":30.75,"id":"box2","type":"deco"},{"hide":false,"angle":360,"time":32,"id":"box2","type":"deco"},{"hide":true,"angle":360,"time":32.75,"id":"box2","type":"deco"},{"hide":false,"angle":360,"time":34,"id":"box2","type":"deco"},{"hide":true,"angle":360,"time":34.75,"id":"box2","type":"deco"},{"hide":false,"angle":360,"time":36,"id":"box2","type":"deco"},{"hide":true,"angle":360,"time":36.75,"id":"box2","type":"deco"},{"hide":false,"angle":360,"time":38,"id":"box2","type":"deco"},{"drawLayer":"bg","hide":false,"time":38.5,"recolor":3,"id":"box3","y":-80,"parentid":"anchor2","type":"deco","sx":0.40000000596046,"sy":0.40000000596046,"sprite":"bigger box.png","angle":360,"x":-80},{"angle":22.5,"hide":true,"type":"deco","time":38.5,"x":300,"id":"anchor2","y":180},{"angle":337.5,"time":32,"r":45,"id":"anchor","type":"deco"},{"hide":true,"angle":360,"time":38.75,"id":"box2","type":"deco"},{"hide":false,"angle":360,"time":40,"id":"box2","type":"deco"},{"hide":true,"angle":360,"time":40.75,"id":"box2","type":"deco"},{"hide":true,"angle":337.5,"time":40,"id":"box3","type":"deco"},{"hide":false,"angle":22.5,"time":42,"id":"box2","type":"deco"},{"hide":true,"angle":360,"time":42.75,"id":"box2","type":"deco"},{"hide":false,"angle":360,"time":44,"id":"box2","type":"deco"},{"hide":true,"angle":360,"time":44.75,"id":"box2","type":"deco"},{"hide":false,"angle":360,"time":46,"id":"box2","type":"deco"},{"hide":true,"angle":360,"time":46.75,"id":"box2","type":"deco"},{"angle":0,"time":46.5,"r":0,"id":"anchor","type":"deco"},{"hide":false,"angle":360,"time":48,"id":"box2","type":"deco"},{"hide":true,"angle":360,"time":48.75,"id":"box2","type":"deco"},{"angle":22.5,"time":48,"r":45,"id":"anchor","type":"deco"},{"hide":false,"angle":360,"time":50,"id":"box2","type":"deco"},{"hide":true,"angle":360,"time":50.75,"id":"box2","type":"deco"},{"hide":false,"angle":360,"time":52,"id":"box2","type":"deco"},{"hide":true,"angle":360,"time":52.75,"id":"box2","type":"deco"},{"hide":false,"angle":360,"time":54,"id":"box2","type":"deco"},{"hide":false,"angle":0,"time":54.5,"id":"box3","type":"deco"},{"angle":22.5,"time":54.5,"r":0,"id":"anchor2","type":"deco"},{"hide":true,"angle":360,"time":56,"id":"box2","type":"deco"},{"ease":"outSine","duration":0.5,"type":"deco","time":56,"r":45,"id":"anchor2","angle":22.5},{"ease":"linear","duration":17,"type":"deco","time":63,"r":90,"id":"anchor2","angle":0},{"hide":true,"angle":337.5,"time":81,"id":"box3","type":"deco"},{"drawLayer":"fg","time":111,"recolor":1,"x":120,"y":0,"sprite":"letters!1@15","type":"deco","angle":157.5,"id":"letters","drawOrder":12},{"hide":true,"angle":180,"time":111,"id":"spiral","type":"deco"},{"voidColor":0,"time":111,"angle":135,"color":0,"type":"setBgColor"},{"hide":true,"angle":112.5,"time":111,"id":"grid2","type":"deco"},{"hide":true,"angle":157.5,"time":112.5,"id":"letters","type":"deco"},{"sprite":"lines!1@180","recolor":0,"id":"lines","y":-360,"type":"deco","parentid":"anchor","angle":180,"sx":2,"sy":2,"x":-600,"time":113},{"type":"deco","angle":202.5,"time":113,"r":0,"id":"anchor","duration":32},{"hide":false,"sprite":"A!1@0#0","recolor":0,"id":"letters","y":54,"x":174,"type":"deco","sx":0.69999998807907,"sy":0.69999998807907,"angle":90,"time":113},{"hide":true,"angle":90,"time":113.5,"id":"letters","type":"deco"},{"hide":false,"angle":90,"time":113.75,"id":"letters","type":"deco"},{"hide":true,"angle":90,"time":114,"id":"letters","type":"deco"},{"hide":false,"angle":90,"time":114.25,"id":"letters","type":"deco"},{"hide":true,"angle":90,"time":114.5,"id":"letters","type":"deco"},{"hide":false,"angle":90,"time":114.75,"id":"letters","type":"deco"},{"hide":true,"angle":90,"time":115,"id":"letters","type":"deco"},{"hide":false,"angle":90,"time":115.25,"id":"letters","type":"deco"},{"hide":true,"angle":90,"time":115.5,"id":"letters","type":"deco"},{"hide":false,"angle":90,"time":115.75,"id":"letters","type":"deco"},{"hide":true,"angle":90,"time":116,"id":"letters","type":"deco"},{"hide":false,"angle":90,"time":116.25,"id":"letters","type":"deco"},{"hide":true,"angle":90,"time":116.5,"id":"letters","type":"deco"},{"hide":false,"angle":90,"time":116.75,"id":"letters","type":"deco"},{"hide":true,"angle":90,"time":117,"id":"letters","type":"deco"},{"hide":false,"angle":90,"time":117.25,"id":"letters","type":"deco"},{"hide":true,"angle":90,"time":117.5,"id":"letters","type":"deco"},{"hide":false,"angle":90,"time":117.75,"id":"letters","type":"deco"},{"hide":true,"angle":90,"time":118,"id":"letters","type":"deco"},{"hide":false,"angle":90,"time":118.25,"id":"letters","type":"deco"},{"hide":true,"angle":90,"time":118.5,"id":"letters","type":"deco"},{"hide":false,"angle":90,"time":118.75,"id":"letters","type":"deco"},{"hide":true,"angle":90,"time":119,"id":"letters","type":"deco"},{"hide":false,"angle":90,"time":119.25,"id":"letters","type":"deco"},{"hide":true,"angle":90,"time":119.5,"id":"letters","type":"deco"},{"hide":false,"angle":90,"time":119.75,"id":"letters","type":"deco"},{"hide":true,"angle":90,"time":120,"id":"letters","type":"deco"},{"hide":false,"angle":90,"time":120.25,"id":"letters","type":"deco"},{"hide":true,"angle":90,"time":120.5,"id":"letters","type":"deco"},{"hide":false,"angle":90,"time":120.75,"id":"letters","type":"deco"},{"hide":true,"angle":90,"sprite":"A!1#1","type":"deco","id":"letters","time":121},{"hide":false,"angle":90,"time":121.25,"id":"letters","type":"deco"},{"hide":true,"angle":90,"time":121.5,"id":"letters","type":"deco"},{"hide":false,"angle":90,"time":121.75,"id":"letters","type":"deco"},{"hide":true,"angle":90,"time":122,"id":"letters","type":"deco"},{"hide":false,"angle":90,"time":122.25,"id":"letters","type":"deco"},{"hide":true,"angle":90,"time":122.5,"id":"letters","type":"deco"},{"hide":false,"angle":90,"time":122.75,"id":"letters","type":"deco"},{"hide":true,"angle":90,"time":123,"id":"letters","type":"deco"},{"hide":false,"angle":90,"time":123.25,"id":"letters","type":"deco"},{"hide":true,"angle":90,"time":123.5,"id":"letters","type":"deco"},{"hide":false,"angle":90,"time":123.75,"id":"letters","type":"deco"},{"hide":true,"angle":90,"time":124,"id":"letters","type":"deco"},{"hide":false,"angle":90,"time":124.25,"id":"letters","type":"deco"},{"hide":true,"angle":90,"time":124.5,"id":"letters","type":"deco"},{"hide":false,"angle":90,"time":124.75,"id":"letters","type":"deco"},{"hide":true,"angle":90,"time":125,"id":"letters","type":"deco"},{"hide":false,"angle":90,"time":125.25,"id":"letters","type":"deco"},{"hide":true,"angle":90,"time":125.5,"id":"letters","type":"deco"},{"hide":false,"angle":90,"time":125.75,"id":"letters","type":"deco"},{"hide":true,"angle":90,"time":126,"id":"letters","type":"deco"},{"hide":false,"angle":90,"time":126.25,"id":"letters","type":"deco"},{"hide":true,"angle":90,"time":126.5,"id":"letters","type":"deco"},{"hide":false,"angle":90,"time":126.75,"id":"letters","type":"deco"},{"hide":true,"angle":90,"time":127,"id":"letters","type":"deco"},{"hide":false,"angle":90,"time":127.25,"id":"letters","type":"deco"},{"hide":true,"angle":90,"time":127.5,"id":"letters","type":"deco"},{"hide":false,"angle":90,"time":127.75,"id":"letters","type":"deco"},{"hide":true,"angle":90,"time":128,"id":"letters","type":"deco"},{"hide":false,"angle":90,"time":128.25,"id":"letters","type":"deco"},{"hide":true,"angle":90,"time":128.5,"id":"letters","type":"deco"},{"hide":false,"angle":90,"time":128.75,"id":"letters","type":"deco"},{"hide":true,"angle":90,"sprite":"A!1#2","type":"deco","id":"letters","time":129},{"hide":false,"angle":90,"time":129.25,"id":"letters","type":"deco"},{"hide":true,"angle":90,"time":129.5,"id":"letters","type":"deco"},{"hide":false,"angle":90,"time":129.75,"id":"letters","type":"deco"},{"voidColor":1,"time":113,"angle":225,"color":1,"type":"setBgColor"},{"angle":225,"time":112.875,"enable":true,"color":0,"type":"outline"},{"hide":true,"angle":90,"time":130,"id":"letters","type":"deco"},{"hide":false,"angle":90,"time":130.25,"id":"letters","type":"deco"},{"hide":true,"angle":90,"time":130.5,"id":"letters","type":"deco"},{"hide":false,"angle":90,"time":130.75,"id":"letters","type":"deco"},{"hide":true,"angle":90,"time":131,"id":"letters","type":"deco"},{"hide":false,"angle":90,"time":131.25,"id":"letters","type":"deco"},{"hide":true,"angle":90,"time":131.5,"id":"letters","type":"deco"},{"hide":false,"angle":90,"time":131.75,"id":"letters","type":"deco"},{"hide":true,"angle":90,"time":132,"id":"letters","type":"deco"},{"hide":false,"angle":90,"time":132.25,"id":"letters","type":"deco"},{"hide":true,"angle":90,"time":132.5,"id":"letters","type":"deco"},{"hide":false,"angle":90,"time":132.75,"id":"letters","type":"deco"},{"hide":true,"angle":90,"time":133,"id":"letters","type":"deco"},{"hide":false,"angle":90,"time":133.25,"id":"letters","type":"deco"},{"hide":true,"angle":90,"time":133.5,"id":"letters","type":"deco"},{"hide":false,"angle":90,"time":133.75,"id":"letters","type":"deco"},{"hide":true,"angle":90,"time":134,"id":"letters","type":"deco"},{"hide":false,"angle":90,"time":134.25,"id":"letters","type":"deco"},{"hide":true,"angle":90,"time":134.5,"id":"letters","type":"deco"},{"hide":false,"angle":90,"time":134.75,"id":"letters","type":"deco"},{"hide":true,"angle":90,"time":135,"id":"letters","type":"deco"},{"hide":false,"angle":90,"time":135.25,"id":"letters","type":"deco"},{"hide":true,"angle":90,"time":135.5,"id":"letters","type":"deco"},{"hide":false,"angle":90,"time":135.75,"id":"letters","type":"deco"},{"hide":true,"angle":90,"time":136,"id":"letters","type":"deco"},{"hide":false,"angle":90,"time":136.25,"id":"letters","type":"deco"},{"hide":true,"angle":90,"time":136.5,"id":"letters","type":"deco"},{"hide":false,"angle":90,"time":136.75,"id":"letters","type":"deco"},{"type":"deco","sprite":"A!1#3","time":137,"id":"letters","angle":90},{"hide":true,"angle":90,"time":137.5,"id":"letters","type":"deco"},{"hide":false,"angle":90,"time":137.75,"id":"letters","type":"deco"},{"hide":true,"angle":90,"time":138,"id":"letters","type":"deco"},{"hide":false,"angle":90,"time":138.25,"id":"letters","type":"deco"},{"hide":true,"angle":90,"time":138.5,"id":"letters","type":"deco"},{"hide":false,"angle":75,"time":138.75,"id":"letters","type":"deco"},{"hide":true,"angle":90,"time":139,"id":"letters","type":"deco"},{"hide":false,"angle":90,"time":139.25,"id":"letters","type":"deco"},{"hide":true,"angle":90,"time":139.5,"id":"letters","type":"deco"},{"hide":false,"angle":90,"time":139.75,"id":"letters","type":"deco"},{"hide":true,"angle":90,"time":140,"id":"letters","type":"deco"},{"hide":false,"angle":90,"time":140.25,"id":"letters","type":"deco"},{"hide":true,"angle":90,"time":140.5,"id":"letters","type":"deco"},{"hide":false,"angle":90,"time":140.75,"id":"letters","type":"deco"},{"hide":true,"angle":90,"time":141,"id":"letters","type":"deco"},{"hide":false,"angle":90,"time":141.25,"id":"letters","type":"deco"},{"hide":true,"angle":90,"time":141.5,"id":"letters","type":"deco"},{"hide":false,"angle":90,"time":141.75,"id":"letters","type":"deco"},{"hide":true,"angle":90,"time":142,"id":"letters","type":"deco"},{"hide":false,"angle":90,"time":142.25,"id":"letters","type":"deco"},{"hide":true,"angle":90,"time":142.5,"id":"letters","type":"deco"},{"hide":false,"angle":90,"time":142.75,"id":"letters","type":"deco"},{"hide":true,"angle":90,"time":143,"id":"letters","type":"deco"},{"hide":false,"angle":90,"time":143.16667175293,"id":"letters","type":"deco"},{"hide":true,"angle":90,"time":143.33332824707,"id":"letters","type":"deco"},{"hide":false,"angle":90,"time":143.5,"id":"letters","type":"deco"},{"hide":true,"angle":90,"time":143.625,"id":"letters","type":"deco"},{"hide":false,"angle":90,"time":143.75,"id":"letters","type":"deco"},{"hide":true,"angle":90,"time":143.875,"id":"letters","type":"deco"},{"hide":false,"angle":90,"time":144,"id":"letters","type":"deco"},{"hide":true,"angle":90,"time":144.08333333333,"id":"letters","type":"deco"},{"hide":false,"angle":90,"time":144.16667175293,"id":"letters","type":"deco"},{"hide":true,"angle":90,"time":144.25,"id":"letters","type":"deco"},{"hide":false,"angle":90,"time":144.3333384196,"id":"letters","type":"deco"},{"hide":true,"angle":90,"time":144.41667175293,"id":"letters","type":"deco"},{"hide":false,"angle":90,"time":144.5,"id":"letters","type":"deco"},{"hide":true,"angle":90,"time":144.5625,"id":"letters","type":"deco"},{"hide":false,"angle":90,"time":144.625,"id":"letters","type":"deco"},{"hide":true,"angle":90,"time":144.6875,"id":"letters","type":"deco"},{"hide":false,"angle":90,"time":144.75,"id":"letters","type":"deco"},{"hide":true,"angle":90,"time":144.8125,"id":"letters","type":"deco"},{"hide":false,"angle":90,"time":144.875,"id":"letters","type":"deco"},{"hide":true,"angle":90,"time":144.9375,"id":"letters","type":"deco"},{"time":145,"value":3,"angle":45,"ease":"inSine","var":"scrollSpeed","type":"ease","start":1,"duration":1},{"hide":true,"angle":30,"time":145,"id":"lines","type":"deco"},{"voidColor":0,"time":145,"angle":15,"color":0,"type":"setBgColor"},{"time":146,"value":3,"angle":45,"ease":"inSine","var":"scrollSpeed","type":"ease","start":1,"duration":1},{"time":147,"value":2,"angle":45,"ease":"inSine","var":"scrollSpeed","type":"ease","start":1,"duration":0.375},{"time":147.375,"value":2,"angle":45,"ease":"inSine","var":"scrollSpeed","type":"ease","start":1,"duration":0.375},{"time":147.75,"value":1.5,"angle":45,"ease":"inSine","var":"scrollSpeed","type":"ease","start":1,"duration":0.25},{"time":148,"value":2,"angle":45,"ease":"inSine","var":"scrollSpeed","type":"ease","start":1,"duration":0.375},{"time":148.375,"value":2,"angle":45,"ease":"inSine","var":"scrollSpeed","type":"ease","start":1,"duration":0.375},{"time":148.75,"value":1.5,"angle":45,"ease":"inSine","var":"scrollSpeed","type":"ease","start":1,"duration":0.25},{"time":149,"value":4,"angle":90,"ease":"inSine","var":"scrollSpeed","type":"ease","start":1,"duration":1},{"hide":false,"time":145,"recolor":1,"id":"box3","parentid":"anchor2","type":"deco","angle":345,"sprite":"square.png"},{"time":145,"r":60,"id":"anchor2","order":2,"ease":"outQuad","angle":330,"type":"deco","duration":0.5},{"angle":315,"type":"deco","time":145,"r":0,"id":"anchor2","order":0},{"hide":true,"angle":348.75,"time":145.5,"id":"box3","type":"deco"},{"time":145.5,"recolor":1,"id":"circle1","y":30,"type":"deco","angle":360,"x":270,"sprite":"circle.png"},{"time":145.625,"recolor":1,"id":"circle2","y":150,"type":"deco","angle":11.25,"x":390,"sprite":"circle.png"},{"time":145.75,"recolor":1,"id":"circle3","y":270,"type":"deco","angle":22.5,"x":270,"sprite":"circle.png"},{"time":145.875,"recolor":1,"id":"circle4","y":150,"type":"deco","angle":33.75,"x":150,"sprite":"circle.png"},{"hide":false,"time":146,"id":"box3","order":-2,"y":-150,"type":"deco","sx":0.75,"sy":0.75,"angle":292.5,"x":-150},{"type":"deco","angle":270,"time":146,"r":0,"id":"anchor2","order":-1},{"time":146,"r":-60,"id":"anchor2","order":0,"ease":"outQuad","angle":258.75,"type":"deco","duration":0.5},{"hide":true,"angle":360,"time":146,"id":"circle1","type":"deco"},{"hide":true,"angle":11.25,"time":146,"id":"circle2","type":"deco"},{"hide":true,"angle":22.5,"time":146,"id":"circle3","type":"deco"},{"hide":true,"angle":33.75,"time":146,"id":"circle4","type":"deco"},{"time":146,"angle":281.25,"x":-100,"y":-100,"ease":"outQuad","id":"box3","type":"deco","sx":0.5,"sy":0.5,"order":1,"duration":0.5},{"hide":true,"angle":348.75,"time":146.5,"id":"box3","type":"deco"},{"hide":false,"angle":360,"time":146.5,"id":"circle1","type":"deco"},{"hide":false,"angle":11.25,"time":146.875,"id":"circle2","type":"deco"},{"hide":false,"angle":22.5,"time":146.75,"id":"circle3","type":"deco"},{"hide":false,"angle":33.75,"time":146.625,"id":"circle4","type":"deco"},{"hide":true,"angle":360,"time":147,"id":"circle1","type":"deco"},{"hide":true,"angle":11.25,"time":147,"id":"circle2","type":"deco"},{"hide":true,"angle":22.5,"time":147,"id":"circle3","type":"deco"},{"hide":true,"angle":33.75,"time":147,"id":"circle4","type":"deco"},{"angle":11.25,"type":"deco","time":149,"r":50,"id":"anchor2","order":-1},{"time":149,"r":40,"id":"anchor2","order":0,"ease":"outQuad","angle":22.5,"type":"deco","duration":0.5},{"hide":false,"time":149,"id":"box3","order":-1,"y":-80,"type":"deco","sx":0.40000000596046,"sy":0.40000000596046,"angle":33.75,"x":-80},{"time":149,"angle":45,"x":-120,"y":-120,"ease":"outQuad","id":"box3","type":"deco","sx":0.60000002384186,"sy":0.60000002384186,"order":0,"duration":0.5},{"hide":true,"angle":22.5,"time":149.5,"id":"box3","type":"deco"},{"drawLayer":"bg","time":149.5,"recolor":1,"x":100,"y":290,"sprite":"square.png","type":"deco","sy":0.125,"angle":33.75,"id":"sqr1"},{"drawLayer":"bg","time":149.625,"recolor":1,"id":"sqr2","y":220,"sprite":"square.png","type":"deco","sy":0.125,"angle":45,"x":100},{"drawLayer":"bg","time":149.75,"recolor":1,"x":100,"y":150,"sprite":"square.png","type":"deco","sy":0.125,"angle":56.25,"id":"sqr3"},{"drawLayer":"bg","time":149.875,"recolor":1,"x":100,"y":80,"sprite":"square.png","type":"deco","sy":0.125,"angle":67.5,"id":"sqr4"},{"drawLayer":"bg","sprite":"square.png","recolor":1,"x":100,"order":-1,"y":10,"type":"deco","sx":0,"sy":0.125,"id":"sqr5","angle":78.75,"time":149.875},{"sprite":"square.png","x":100,"recolor":1,"id":"sqr5","order":0,"ease":"outSine","y":10,"angle":90,"sx":1,"sy":0.125,"type":"deco","duration":0.125,"time":149.875},{"hide":true,"angle":33.75,"time":150,"id":"sqr1","type":"deco"},{"hide":true,"angle":45,"time":150,"id":"sqr2","type":"deco"},{"hide":true,"angle":56.25,"time":150,"id":"sqr3","type":"deco"},{"hide":true,"angle":67.5,"time":150,"id":"sqr4","type":"deco"},{"hide":true,"angle":78.75,"time":150,"id":"sqr5","type":"deco"},{"time":150,"value":5,"angle":135,"ease":"inSine","var":"scrollSpeed","type":"ease","start":1,"duration":1},{"hide":true,"angle":22.5,"time":150.5,"id":"box3","type":"deco"},{"hide":false,"sprite":"square.png","recolor":1,"id":"sqr1","y":40,"time":150.5,"type":"deco","sx":0.125,"sy":0.75,"angle":33.75,"x":150},{"hide":false,"sprite":"square.png","recolor":1,"id":"sqr2","y":40,"time":150.625,"type":"deco","sx":0.125,"sy":0.75,"angle":45,"x":240},{"hide":false,"sprite":"square.png","recolor":1,"id":"sqr3","y":40,"time":150.75,"type":"deco","sx":0.125,"sy":0.75,"angle":56.25,"x":250},{"hide":false,"sprite":"square.png","recolor":1,"id":"sqr4","y":40,"time":150.875,"type":"deco","sx":0.125,"sy":0.75,"angle":67.5,"x":320},{"hide":false,"sprite":"square.png","recolor":1,"id":"sqr5","y":180,"type":"deco","angle":78.75,"sx":0,"sy":0,"time":150.875,"x":415,"order":-1},{"sprite":"square.png","order":0,"recolor":1,"x":390,"y":40,"ease":"outSine","id":"sqr5","type":"deco","sy":0.75,"angle":90,"duration":0.125,"time":150.875},{"hide":true,"angle":33.75,"time":151,"id":"sqr1","type":"deco"},{"hide":true,"angle":45,"time":151,"id":"sqr2","type":"deco"},{"hide":true,"angle":56.25,"time":151,"id":"sqr3","type":"deco"},{"hide":true,"angle":67.5,"time":151,"id":"sqr4","type":"deco"},{"hide":true,"angle":78.75,"time":151,"id":"sqr5","type":"deco"},{"angle":-33.75,"type":"deco","time":150,"r":35,"id":"anchor2","order":-1},{"time":150,"r":55,"id":"anchor2","order":0,"ease":"outQuad","angle":-22.5,"type":"deco","duration":0.5},{"hide":false,"time":150,"id":"box3","order":-1,"y":-80,"type":"deco","sx":0.40000000596046,"sy":0.40000000596046,"angle":-11.25,"x":-80},{"time":150,"angle":0,"x":-120,"y":-120,"ease":"outQuad","id":"box3","type":"deco","sx":0.60000002384186,"sy":0.60000002384186,"order":0,"duration":0.5},{"drawLayer":"bg","time":153,"id":"ggrid","y":0,"type":"deco","angle":56.25,"x":0,"sprite":"ggrid.png"},{"angle":56.25,"time":153.375,"sy":0.69999998807907,"sx":0.69999998807907,"id":"ggrid","type":"deco"},{"angle":56.25,"time":153.75,"sy":0.60000002384186,"sx":0.60000002384186,"id":"ggrid","type":"deco"},{"angle":56.25,"time":153.875,"sy":0.5,"sx":0.5,"id":"ggrid","type":"deco"},{"angle":56.25,"time":154,"sy":1,"sx":1,"id":"ggrid","type":"deco"},{"angle":56.25,"time":154.375,"sy":0.69999998807907,"sx":0.69999998807907,"id":"ggrid","type":"deco"},{"angle":56.25,"time":154.75,"sy":0.60000002384186,"sx":0.60000002384186,"id":"ggrid","type":"deco"},{"angle":56.25,"time":154.875,"sy":0.5,"sx":0.5,"id":"ggrid","type":"deco"},{"angle":56.25,"time":155,"sy":1,"sx":1,"id":"ggrid","type":"deco"},{"angle":56.25,"time":155.375,"sy":0.69999998807907,"sx":0.69999998807907,"id":"ggrid","type":"deco"},{"angle":56.25,"time":155.75,"sy":0.60000002384186,"sx":0.60000002384186,"id":"ggrid","type":"deco"},{"angle":56.25,"time":155.875,"sy":0.5,"sx":0.5,"id":"ggrid","type":"deco"},{"angle":56.25,"time":156,"sy":1,"sx":1,"id":"ggrid","type":"deco"},{"angle":56.25,"time":156.375,"sy":0.69999998807907,"sx":0.69999998807907,"id":"ggrid","type":"deco"},{"type":"deco","time":156.75,"sy":0.60000002384186,"angle":56.25,"id":"ggrid","sx":0.60000002384186},{"angle":56.25,"time":156.875,"sy":0.5,"sx":0.5,"id":"ggrid","type":"deco"},{"var":"p.outlineColor","type":"ease","time":113,"value":0,"angle":247.5},{"var":"p.outlineColor","type":"ease","time":145.5,"value":1,"angle":90},{"var":"p.outlineColor","type":"ease","time":146,"value":0,"angle":90},{"var":"p.outlineColor","type":"ease","time":146.5,"value":1,"angle":67.5},{"var":"p.outlineColor","type":"ease","time":149,"value":0,"angle":112.5},{"var":"p.outlineColor","type":"ease","time":151,"value":1,"angle":123.75},{"var":"p.outlineColor","type":"ease","time":153,"value":0,"angle":90},{"hide":true,"angle":56.25,"time":161,"id":"ggrid","type":"deco"},{"var":"scrollSpeed","angle":146.25,"time":151,"value":2,"duration":5,"type":"ease"},{"ease":"inSine","var":"scrollSpeed","type":"ease","time":157,"value":4,"duration":4,"angle":78.75},{"drawLayer":"bg","sprite":"ZAG.png","ox":15,"angle":33.75,"id":"zag","y":-360,"type":"deco","parentid":"anchor","oy":9,"sx":10,"sy":10,"order":-1,"x":-600,"time":161},{"time":157,"r":225,"color":1,"ease":"inSine","angle":101.25,"type":"setColor","g":255,"b":1,"duration":2},{"time":159,"r":69,"type":"setColor","color":1,"angle":90,"g":255,"b":0,"duration":1},{"time":160,"r":233,"color":1,"ease":"inOutElastic","angle":90,"type":"setColor","g":255,"b":0,"duration":0.5},{"time":160.5,"r":0,"color":1,"ease":"inOutElastic","angle":90,"type":"setColor","g":174,"b":14,"duration":0.75},{"angle":90,"type":"setColor","time":161,"g":43,"r":0,"color":2,"b":1},{"sprite":"zig.png","parentid":"anchor2","oy":9,"sx":10,"sy":10,"effectCanvasRaw":false,"time":161,"effectCanvas":true,"x":-600,"id":"zig","y":-360,"order":-1,"drawLayer":"bg","type":"deco","ox":15,"angle":348.75},{"angle":101.25,"type":"setColor","time":161,"g":219,"r":1,"color":3,"b":21},{"var":"p.layer","type":"ease","time":161,"value":99,"angle":112.5},{"angle":78.75,"time":161,"recolor":4,"id":"box","type":"deco"},{"time":161,"id":"zag","order":0,"type":"deco","ox":-15,"angle":22.5,"oy":-9,"duration":4},{"time":161,"id":"zig","order":0,"type":"deco","ox":-15,"angle":337.5,"oy":-9,"duration":4},{"description":"","time":153,"r":0,"angle":22.5,"g":255,"b":0,"type":"bookmark","name":"green"},{"description":"","time":143,"r":255,"angle":78.75,"g":0,"b":0,"type":"bookmark","name":"red2"},{"var":"p.fillColor","type":"ease","time":161,"value":4,"angle":135},{"var":"p.outlineColor","type":"ease","time":161,"value":4,"angle":146.25},{"angle":157.5,"type":"setColor","time":161,"g":0,"r":0,"color":4,"b":0},{"angle":33.75,"time":167.33332824707,"r":30,"id":"anchor","type":"deco"},{"bpm":90,"angle":45,"time":161,"type":"setBPM"},{"var":"p.feedbackAmplitude","type":"ease","time":157,"value":3,"angle":180},{"paddle":2,"enabled":true,"ease":"linear","type":"paddles","angle":180,"time":171,"duration":2,"newAngle":180},{"ease":"linear","time":171,"angle":195,"paddle":1,"duration":2,"newWidth":120,"type":"paddles"},{"ease":"inBack","angle":10.229008674622,"type":"paddles","time":178,"paddle":2,"duration":1,"newAngle":0},{"ease":"linear","type":"paddles","angle":10.18132019043,"time":179,"enabled":false,"duration":1,"paddle":2},{"time":178.75,"value":0,"angle":360,"ease":"inBack","var":"vfx.noteXSkew","type":"ease","start":3,"duration":0.25},{"var":"extraHoldLeniency","type":"ease","time":172.75,"value":9999,"angle":112.5},{"time":178.75,"value":1,"angle":337.5,"ease":"inBack","var":"vfx.noteYScale","type":"ease","start":3,"duration":0.25},{"time":172.5,"value":0,"angle":360,"ease":"inBack","var":"vfx.noteXSkew","type":"ease","start":3,"duration":0.5},{"time":172.5,"value":1,"angle":337.5,"ease":"inBack","var":"vfx.noteYScale","type":"ease","start":3,"duration":0.5},{"ease":"inQuad","time":157,"angle":22.5,"paddle":1,"newWidth":180,"duration":4,"type":"paddles"},{"ease":"outBack","time":160,"angle":22.5,"paddle":1,"duration":2,"newWidth":70,"type":"paddles"},{"var":"p.layer","type":"ease","time":178.875,"value":-99,"angle":78.75},{"ease":"inBack","time":178,"angle":348.75,"paddle":1,"newWidth":70,"duration":1,"type":"paddles"},{"angle":202.5,"type":"setColor","time":185,"g":0,"r":0,"color":5,"b":0},{"type":"tag","time":157,"angle":45,"tag":"grid scale","angleOffset":false},{"type":"tag","angleOffset":false,"time":158,"tag":"grid scale","angle":45},{"type":"tag","angleOffset":false,"time":159,"tag":"grid scale","angle":45},{"type":"tag","angleOffset":false,"time":160,"tag":"grid scale","angle":45},{"drawLayer":"bg","time":186,"id":"hex","y":0,"angle":191.25,"type":"deco","x":0,"sprite":"hexs!1#0","drawOrder":999},{"type":"deco","sprite":"hexs!1#1","time":186.125,"id":"hex","angle":191.25},{"type":"deco","sprite":"hexs!1#2","time":186.25,"id":"hex","angle":191.25},{"x":0,"type":"deco","angle":191.25,"sprite":"hexs!1#0","time":186.375,"id":"hex","y":0},{"type":"deco","sprite":"hexs!1#1","time":186.5,"id":"hex","angle":191.25},{"type":"deco","sprite":"hexs!1#2","time":186.875,"id":"hex","angle":191.25},{"x":0,"type":"deco","angle":191.25,"sprite":"hexs!1#0","time":187.125,"id":"hex","y":0},{"type":"deco","sprite":"hexs!1#1","time":187.375,"id":"hex","angle":191.25},{"type":"deco","sprite":"hexs!1#2","time":187.75,"id":"hex","angle":191.25},{"x":0,"type":"deco","angle":191.25,"sprite":"hexs!1#0","time":188.125,"id":"hex","y":0},{"type":"deco","sprite":"hexs!1#1","time":188.375,"id":"hex","angle":191.25},{"type":"deco","sprite":"hexs!1#2","time":188.625,"id":"hex","angle":191.25},{"x":0,"type":"deco","angle":191.25,"sprite":"hexs!1#0","time":188.875,"id":"hex","y":0},{"type":"deco","sprite":"hexs!1#1","time":189.125,"id":"hex","angle":191.25},{"type":"deco","sprite":"hexs!1#2","time":189.25,"id":"hex","angle":191.25},{"x":0,"type":"deco","angle":191.25,"sprite":"hexs!1#0","time":189.375,"id":"hex","y":0},{"type":"deco","sprite":"hexs!1#1","time":189.5,"id":"hex","angle":191.25},{"type":"deco","sprite":"hexs!1#2","time":189.875,"id":"hex","angle":191.25},{"x":0,"type":"deco","angle":191.25,"sprite":"hexs!1#0","time":190.25,"id":"hex","y":0},{"type":"deco","sprite":"hexs!1#1","time":190.625,"id":"hex","angle":191.25},{"type":"deco","sprite":"hexs!1#2","time":191,"id":"hex","angle":191.25},{"x":0,"type":"deco","angle":191.25,"sprite":"hexs!1#0","time":191.125,"id":"hex","y":0},{"type":"deco","sprite":"hexs!1#1","time":191.375,"id":"hex","angle":191.25},{"type":"deco","sprite":"hexs!1#2","time":193.625,"id":"hex","angle":191.25},{"x":0,"type":"deco","angle":191.25,"sprite":"hexs!1#0","time":193.75,"id":"hex","y":0},{"type":"deco","sprite":"hexs!1#1","time":193.875,"id":"hex","angle":191.25},{"type":"deco","sprite":"hexs!1#2","time":194,"id":"hex","angle":191.25},{"x":0,"type":"deco","angle":112.5,"sprite":"hexs!1#0","time":194.25,"id":"hex","y":0},{"type":"deco","sprite":"hexs!1#1","time":195.75,"id":"hex","angle":191.25},{"type":"deco","sprite":"hexs!1#2","time":196,"id":"hex","angle":191.25},{"x":0,"type":"deco","angle":191.25,"sprite":"hexs!1#0","time":196.25,"id":"hex","y":0},{"type":"deco","sprite":"hexs!1#1","time":196.375,"id":"hex","angle":191.25},{"type":"deco","sprite":"hexs!1#2","time":196.625,"id":"hex","angle":191.25},{"x":0,"type":"deco","angle":191.25,"sprite":"hexs!1#0","time":196.875,"id":"hex","y":0},{"type":"deco","sprite":"hexs!1#1","time":197.375,"id":"hex","angle":191.25},{"type":"deco","sprite":"hexs!1#2","time":197.875,"id":"hex","angle":191.25},{"x":0,"type":"deco","angle":191.25,"sprite":"hexs!1#0","time":198,"id":"hex","y":0},{"type":"deco","sprite":"hexs!1#1","time":198.125,"id":"hex","angle":191.25},{"type":"deco","sprite":"hexs!1#2","time":198.25,"id":"hex","angle":191.25},{"x":0,"type":"deco","angle":191.25,"sprite":"hexs!1#0","time":198.375,"id":"hex","y":0},{"type":"deco","sprite":"hexs!1#1","time":198.5,"id":"hex","angle":191.25},{"type":"deco","sprite":"hexs!1#2","time":198.625,"id":"hex","angle":191.25},{"x":0,"type":"deco","angle":191.25,"sprite":"hexs!1#0","time":198.75,"id":"hex","y":0},{"type":"deco","sprite":"hexs!1#1","time":199.25,"id":"hex","angle":191.25},{"type":"deco","sprite":"hexs!1#2","time":199.625,"id":"hex","angle":191.25},{"x":0,"type":"deco","angle":191.25,"sprite":"hexs!1#0","time":200,"id":"hex","y":0},{"type":"deco","sprite":"hexs!1#1","time":200.375,"id":"hex","angle":191.25},{"type":"deco","sprite":"hexs!1#2","time":200.75,"id":"hex","angle":191.25},{"x":0,"type":"deco","angle":202.5,"sprite":"hexs!1#0","time":201.125,"id":"hex","y":0},{"type":"deco","sprite":"hexs!1#1","time":201.5,"id":"hex","angle":191.25},{"type":"deco","sprite":"hexs!1#2","time":202.75,"id":"hex","angle":191.25},{"x":0,"type":"deco","angle":191.25,"sprite":"hexs!1#0","time":202.875,"id":"hex","y":0},{"type":"deco","sprite":"hexs!1#1","time":203,"id":"hex","angle":191.25},{"type":"deco","sprite":"hexs!1#2","time":203.5,"id":"hex","angle":191.25},{"x":0,"type":"deco","angle":191.25,"sprite":"hexs!1#0","time":203.625,"id":"hex","y":0},{"type":"deco","sprite":"hexs!1#1","time":203.75,"id":"hex","angle":191.25},{"type":"deco","sprite":"hexs!1#2","time":204.25,"id":"hex","angle":191.25},{"x":0,"type":"deco","angle":191.25,"sprite":"hexs!1#0","time":204.375,"id":"hex","y":0},{"type":"deco","sprite":"hexs!1#1","time":204.625,"id":"hex","angle":191.25},{"type":"deco","sprite":"hexs!1#2","time":204.875,"id":"hex","angle":191.25},{"x":0,"type":"deco","angle":191.25,"sprite":"hexs!1#0","time":205.25,"id":"hex","y":0},{"type":"deco","sprite":"hexs!1#1","time":205.625,"id":"hex","angle":191.25},{"type":"deco","sprite":"hexs!1#2","time":205.75,"id":"hex","angle":191.25},{"x":0,"type":"deco","angle":191.25,"sprite":"hexs!1#0","time":205.875,"id":"hex","y":0},{"type":"deco","sprite":"hexs!1#1","time":206,"id":"hex","angle":191.25},{"type":"deco","sprite":"hexs!1#2","time":206.125,"id":"hex","angle":191.25},{"x":0,"type":"deco","angle":191.25,"sprite":"hexs!1#0","time":206.25,"id":"hex","y":0},{"type":"deco","sprite":"hexs!1#1","time":206.375,"id":"hex","angle":191.25},{"type":"deco","sprite":"hexs!1#2","time":206.5,"id":"hex","angle":191.25},{"x":0,"type":"deco","angle":191.25,"sprite":"hexs!1#0","time":206.625,"id":"hex","y":0},{"type":"deco","sprite":"hexs!1#1","time":206.75,"id":"hex","angle":191.25},{"type":"deco","sprite":"hexs!1#2","time":206.875,"id":"hex","angle":191.25},{"x":0,"type":"deco","angle":191.25,"sprite":"hexs!1#0","time":207,"id":"hex","y":0},{"type":"deco","sprite":"hexs!1#1","time":207.125,"id":"hex","angle":191.25},{"type":"deco","sprite":"hexs!1#2","time":207.25,"id":"hex","angle":191.25},{"x":0,"type":"deco","angle":191.25,"sprite":"hexs!1#0","time":207.375,"id":"hex","y":0},{"type":"deco","sprite":"hexs!1#1","time":207.5,"id":"hex","angle":191.25},{"type":"deco","sprite":"hexs!1#2","time":207.625,"id":"hex","angle":191.25},{"x":0,"type":"deco","angle":191.25,"sprite":"hexs!1#0","time":207.75,"id":"hex","y":0},{"type":"deco","sprite":"hexs!1#1","time":207.875,"id":"hex","angle":191.25},{"type":"deco","sprite":"hexs!1#2","time":208,"id":"hex","angle":191.25},{"x":0,"type":"deco","angle":191.25,"sprite":"hexs!1#0","time":208.125,"id":"hex","y":0},{"type":"deco","sprite":"hexs!1#1","time":208.25,"id":"hex","angle":191.25},{"type":"deco","sprite":"hexs!1#2","time":208.375,"id":"hex","angle":191.25},{"x":0,"type":"deco","angle":191.25,"sprite":"hexs!1#0","time":208.5,"id":"hex","y":0},{"type":"deco","sprite":"hexs!1#1","time":208.625,"id":"hex","angle":191.25},{"type":"deco","sprite":"hexs!1#2","time":208.75,"id":"hex","angle":191.25},{"x":0,"type":"deco","angle":191.25,"sprite":"hexs!1#0","time":208.875,"id":"hex","y":0},{"hide":true,"angle":191.25,"time":209,"id":"hex","type":"deco"},{"time":185,"r":0,"color":2,"ease":"outBack","angle":157.5,"type":"setColor","g":61,"b":0,"duration":1},{"hide":true,"angle":202.5,"time":209,"id":"zig","type":"deco"},{"hide":true,"angle":213.75,"time":209,"id":"zag","type":"deco"},{"type":"tag","angleOffset":false,"time":161.0625,"tag":"flashing d4","angle":258.75},{"type":"tag","angleOffset":false,"time":165.0625,"tag":"flashing d4","angle":258.75},{"type":"tag","angleOffset":false,"time":169.0625,"tag":"flashing d4","angle":258.75},{"type":"tag","angleOffset":false,"time":173.0625,"tag":"flashing d4","angle":258.75},{"type":"tag","angleOffset":false,"time":177.0625,"tag":"flashing d4","angle":258.75},{"type":"tag","angleOffset":false,"time":181,"tag":"flashing d4","angle":258.75},{"type":"tag","angleOffset":false,"time":185,"tag":"flashing d4","angle":258.75},{"type":"tag","angleOffset":false,"time":189,"tag":"flashing d4","angle":258.75},{"type":"tag","angleOffset":false,"time":193,"tag":"flashing d4","angle":258.75},{"type":"tag","angleOffset":false,"time":197,"tag":"flashing d4","angle":258.75},{"type":"tag","angleOffset":false,"time":201,"tag":"flashing d4","angle":258.75},{"type":"tag","angleOffset":false,"time":205,"tag":"flashing d4","angle":258.75},{"angle":11.25,"time":161,"r":-21,"id":"anchor","type":"deco"},{"angle":326.25,"time":161,"r":12,"id":"anchor2","type":"deco"},{"type":"tag","angleOffset":false,"time":165,"tag":"ziggy movey","angle":11.25},{"type":"tag","angleOffset":false,"time":169,"tag":"ziggy movey","angle":11.25},{"type":"tag","angleOffset":false,"time":173,"tag":"ziggy movey","angle":11.25},{"type":"tag","angleOffset":false,"time":177,"tag":"ziggy movey","angle":11.25},{"type":"tag","angleOffset":false,"time":181,"tag":"ziggy movey","angle":11.25},{"type":"tag","angleOffset":false,"time":185,"tag":"ziggy movey","angle":11.25},{"type":"tag","angleOffset":false,"time":189,"tag":"ziggy movey","angle":11.25},{"type":"tag","angleOffset":false,"time":193,"tag":"ziggy movey","angle":11.25},{"type":"tag","angleOffset":false,"time":197,"tag":"ziggy movey","angle":11.25},{"type":"tag","angleOffset":false,"time":201,"tag":"ziggy movey","angle":11.25},{"type":"tag","angleOffset":false,"time":205,"tag":"ziggy movey","angle":11.25},{"ease":"linear","type":"paddles","angle":270,"time":176.1875,"enabled":false,"duration":0,"paddle":2},{"ease":"linear","type":"paddles","angle":348.75,"time":176.8125,"enabled":true,"duration":0,"paddle":2},{"ease":"linear","time":176,"angle":258.75,"paddle":1,"newWidth":55,"duration":0.25,"type":"paddles"},{"ease":"linear","time":176.75,"angle":360,"paddle":1,"duration":0.25,"newWidth":70,"type":"paddles"},{"ease":"inOutBack","var":"scrollSpeed","type":"ease","time":184,"value":3.5,"duration":2,"angle":360},{"ease":"inQuad","var":"scrollSpeed","type":"ease","time":204.875,"value":4,"duration":1.125,"angle":56.25},{"ease":"inBack","time":205,"angle":45,"paddle":1,"duration":4,"newWidth":180,"type":"paddles"},{"ease":"inSine","var":"objectRotation","type":"ease","time":207,"value":180,"duration":2,"angle":157.5},{"ease":"inOutSine","var":"objectRotation","type":"ease","time":209,"value":0,"duration":4,"angle":348.75},{"type":"tag","angleOffset":false,"time":151,"tag":"jiggly wiggly","angle":247.5},{"type":"tag","angle":270,"time":147,"angleOffset":false,"tag":"jig wig","order":0},{"var":"extraHoldLeniency","type":"ease","time":186,"value":0,"angle":225},{"ease":"inBack","time":184,"angle":22.5,"paddle":1,"newWidth":55,"duration":1,"type":"paddles"},{"time":185.25,"enabled":true,"paddle":1,"ease":"outBack","type":"paddles","angle":45,"duration":0.75,"newWidth":70},{"ease":"linear","paddle":1,"angle":22.5,"time":185,"enabled":false,"duration":0,"type":"paddles"},{"hide":true,"time":172.5,"r":90,"id":"anchor3","y":180,"angle":270,"type":"deco","x":300},{"time":172.5,"recolor":6,"id":"arrow","y":-100,"type":"deco","parentid":"anchor3","angle":247.5,"sprite":"arrow.png","x":-20},{"type":"tag","angleOffset":false,"time":173,"tag":"arrow","angle":-112.5},{"angle":225,"time":173,"r":330,"id":"anchor3","type":"deco"},{"type":"tag","angleOffset":false,"time":173.25,"tag":"arrow","angle":-112.5},{"angle":225,"time":173.25,"r":60.411998748779,"id":"anchor3","type":"deco"},{"angle":225,"type":"setColor","time":172.5,"g":255,"r":0,"color":6,"b":0},{"type":"tag","angleOffset":false,"time":173.5,"tag":"arrow","angle":-112.5},{"angle":225,"time":173.5,"r":149.92300415039,"id":"anchor3","type":"deco"},{"type":"tag","angleOffset":false,"time":173.75,"tag":"arrow","angle":-112.5},{"angle":225,"time":173.75,"r":197.64999389648,"id":"anchor3","type":"deco"},{"type":"tag","angleOffset":false,"time":173.875,"tag":"arrow","angle":-112.5},{"angle":225,"time":173.875,"r":255.47200012207,"id":"anchor3","type":"deco"},{"type":"tag","angleOffset":false,"time":174.125,"tag":"arrow","angle":-112.5},{"angle":225,"time":174.125,"r":297.9169921875,"id":"anchor3","type":"deco"},{"type":"tag","angleOffset":false,"time":174.25,"tag":"arrow","angle":-112.5},{"angle":225,"time":174.25,"r":255,"id":"anchor3","type":"deco"},{"type":"tag","angleOffset":false,"time":174.375,"tag":"arrow","angle":-112.5},{"angle":225,"time":174.375,"r":315,"id":"anchor3","type":"deco"},{"type":"tag","angleOffset":false,"time":174.5625,"tag":"arrow","angle":-112.5},{"angle":225,"time":174.5625,"r":260.64700317383,"id":"anchor3","type":"deco"},{"type":"tag","angleOffset":false,"time":174.625,"tag":"arrow","angle":-112.5},{"angle":225,"time":174.625,"r":214.04600524902,"id":"anchor3","type":"deco"},{"type":"tag","angleOffset":false,"time":174.75,"tag":"arrow","angle":-112.5},{"angle":225,"time":174.75,"r":165,"id":"anchor3","type":"deco"},{"type":"tag","angleOffset":false,"time":175,"tag":"arrow","angle":-112.5},{"angle":225,"time":175,"r":77.136001586914,"id":"anchor3","type":"deco"},{"type":"tag","angleOffset":false,"time":175.25,"tag":"arrow","angle":-112.5},{"angle":225,"time":175.25,"r":10.227000236511,"id":"anchor3","type":"deco"},{"type":"tag","angleOffset":false,"time":175.375,"tag":"arrow","angle":-112.5},{"angle":225,"time":175.375,"r":352.4049987793,"id":"anchor3","type":"deco"},{"type":"tag","angleOffset":false,"time":175.625,"tag":"arrow","angle":-112.5},{"angle":225,"time":175.625,"r":175.625,"id":"anchor3","type":"deco"},{"type":"tag","angleOffset":false,"time":175.75,"tag":"arrow","angle":-112.5},{"angle":225,"time":175.75,"r":270,"id":"anchor3","type":"deco"},{"type":"tag","angleOffset":false,"time":176,"tag":"arrow","angle":-112.5},{"angle":225,"time":176,"r":0,"id":"anchor3","type":"deco"},{"type":"tag","angleOffset":false,"time":176.125,"tag":"arrow","angle":-112.5},{"angle":225,"time":176.125,"r":324.53900146484,"id":"anchor3","type":"deco"},{"type":"tag","angleOffset":false,"time":176.25,"tag":"arrow","angle":-112.5},{"angle":225,"time":176.25,"r":285,"id":"anchor3","type":"deco"},{"type":"tag","angleOffset":false,"time":176.375,"tag":"arrow","angle":-112.5},{"angle":225,"time":176.375,"r":315,"id":"anchor3","type":"deco"},{"type":"tag","angleOffset":false,"time":176.5,"tag":"arrow","angle":-112.5},{"angle":225,"time":176.5,"r":300,"id":"anchor3","type":"deco"},{"type":"tag","angleOffset":false,"time":176.75,"tag":"arrow","angle":-112.5},{"angle":225,"time":176.75,"r":33.36600112915,"id":"anchor3","type":"deco"},{"type":"tag","angleOffset":false,"time":176.875,"tag":"arrow","angle":-112.5},{"angle":225,"time":176.875,"r":65.130996704102,"id":"anchor3","type":"deco"},{"type":"tag","angleOffset":false,"time":177.125,"tag":"arrow","angle":-112.5},{"angle":225,"time":177.125,"r":74.945999145508,"id":"anchor3","type":"deco"},{"type":"tag","angleOffset":false,"time":177.375,"tag":"arrow","angle":-112.5},{"angle":225,"time":177.375,"r":141.28399658203,"id":"anchor3","type":"deco"},{"type":"tag","angleOffset":false,"time":177.625,"tag":"arrow","angle":-112.5},{"angle":225,"time":177.625,"r":135,"id":"anchor3","type":"deco"},{"type":"tag","angleOffset":false,"time":177.75,"tag":"arrow","angle":-112.5},{"angle":225,"time":177.75,"r":180,"id":"anchor3","type":"deco"},{"type":"tag","angleOffset":false,"time":177.875,"tag":"arrow","angle":-112.5},{"angle":225,"time":177.875,"r":151.82200622559,"id":"anchor3","type":"deco"},{"type":"tag","angleOffset":false,"time":178.125,"tag":"arrow","angle":-112.5},{"angle":225,"time":178.125,"r":218.81700134277,"id":"anchor3","type":"deco"},{"type":"tag","angleOffset":false,"time":178.25,"tag":"arrow","angle":-112.5},{"angle":225,"time":178.25,"r":-120,"id":"anchor3","type":"deco"},{"type":"tag","angleOffset":false,"time":178.375,"tag":"arrow","angle":-112.5},{"angle":225,"time":178.375,"r":-105,"id":"anchor3","type":"deco"},{"type":"tag","angleOffset":false,"time":178.5,"tag":"arrow","angle":-112.5},{"angle":225,"time":178.5,"r":210.28799438477,"id":"anchor3","type":"deco"},{"angle":315,"time":173,"r":330,"id":"anchor","type":"deco"},{"angle":22.5,"time":176,"r":0,"id":"anchor","type":"deco"},{"angle":22.5,"time":179,"r":170.63299560547,"id":"anchor","type":"deco"},{"angle":45,"time":182,"r":67.5,"id":"anchor","type":"deco"},{"angle":90,"time":183.5,"r":75,"id":"anchor","type":"deco"},{"angle":90,"time":183.75,"r":87.5,"id":"anchor","type":"deco"},{"angle":90,"time":184,"r":90,"id":"anchor","type":"deco"},{"angle":90,"time":184.25,"r":112.5,"id":"anchor","type":"deco"},{"angle":90,"time":184.5,"r":135,"id":"anchor","type":"deco"},{"angle":90,"time":184.625,"r":157.5,"id":"anchor","type":"deco"},{"angle":90,"time":184.75,"r":180,"id":"anchor","type":"deco"},{"angle":90,"time":184.875,"r":202.5,"id":"anchor","type":"deco"},{"angle":90,"time":185,"r":225,"id":"anchor","type":"deco"},{"type":"deco","angle":90,"time":185.125,"r":360,"id":"anchor","duration":1},{"angle":90,"time":196.875,"r":77,"id":"anchor","type":"deco"},{"angle":90,"time":200,"r":111,"id":"anchor","type":"deco"},{"angle":90,"time":203,"r":54,"id":"anchor","type":"deco"},{"type":"tag","angleOffset":false,"time":179,"tag":"arrow","angle":-112.5},{"angle":225,"time":179,"r":170.63299560547,"id":"anchor3","type":"deco"},{"type":"tag","angleOffset":false,"time":179.125,"tag":"arrow","angle":-112.5},{"angle":225,"time":179.125,"r":-146.14300537109,"id":"anchor3","type":"deco"},{"type":"tag","angleOffset":false,"time":179.25,"tag":"arrow","angle":-112.5},{"angle":225,"time":179.25,"r":175.53700256348,"id":"anchor3","type":"deco"},{"type":"tag","angleOffset":false,"time":179.375,"tag":"arrow","angle":-112.5},{"angle":225,"time":179.375,"r":-132.9340057373,"id":"anchor3","type":"deco"},{"type":"tag","angleOffset":false,"time":179.75,"tag":"arrow","angle":-112.5},{"angle":225,"time":179.75,"r":41.071998596191,"id":"anchor3","type":"deco"},{"type":"tag","angleOffset":false,"time":179.625,"tag":"arrow","angle":-112.5},{"angle":225,"time":179.625,"r":78.814002990723,"id":"anchor3","type":"deco"},{"type":"tag","angleOffset":false,"time":179.875,"tag":"arrow","angle":-112.5},{"angle":225,"time":179.875,"r":112.5,"id":"anchor3","type":"deco"},{"type":"tag","angleOffset":false,"time":180,"tag":"arrow","angle":-112.5},{"angle":225,"time":180,"r":157.5,"id":"anchor3","type":"deco"},{"type":"tag","angleOffset":false,"time":180.25,"tag":"arrow","angle":-112.5},{"angle":-135,"time":180.25,"r":0,"id":"anchor3","type":"deco"},{"type":"tag","angleOffset":false,"time":180.375,"tag":"arrow","angle":-112.5},{"angle":225,"time":180.375,"r":315,"id":"anchor3","type":"deco"},{"type":"tag","angleOffset":false,"time":180.5,"tag":"arrow","angle":-112.5},{"angle":225,"time":180.5,"r":45,"id":"anchor3","type":"deco"},{"type":"tag","angleOffset":false,"time":180.625,"tag":"arrow","angle":-112.5},{"angle":225,"time":180.625,"r":0,"id":"anchor3","type":"deco"},{"type":"tag","angleOffset":false,"time":180.75,"tag":"arrow","angle":-112.5},{"angle":225,"time":180.75,"r":281.25,"id":"anchor3","type":"deco"},{"type":"tag","angleOffset":false,"time":180.875,"tag":"arrow","angle":-112.5},{"angle":225,"time":180.875,"r":33.75,"id":"anchor3","type":"deco"},{"type":"tag","angleOffset":false,"time":181,"tag":"arrow","angle":-112.5},{"angle":225,"time":181,"r":112.36000061035,"id":"anchor3","type":"deco"},{"type":"tag","angleOffset":false,"time":181.25,"tag":"arrow","angle":-112.5},{"angle":225,"time":181.25,"r":292.74200439453,"id":"anchor3","type":"deco"},{"type":"tag","angleOffset":false,"time":181.5,"tag":"arrow","angle":-112.5},{"angle":225,"time":181.5,"r":67.5,"id":"anchor3","type":"deco"},{"type":"tag","angleOffset":false,"time":181.625,"tag":"arrow","angle":-112.5},{"angle":225,"time":181.625,"r":67.5,"id":"anchor3","type":"deco"},{"type":"tag","angleOffset":false,"time":181.75,"tag":"arrow","angle":-112.5},{"angle":225,"time":181.75,"r":348.75,"id":"anchor3","type":"deco"},{"type":"tag","angleOffset":false,"time":181.875,"tag":"arrow","angle":-112.5},{"angle":225,"time":181.875,"r":348.75,"id":"anchor3","type":"deco"},{"type":"tag","angleOffset":false,"time":182,"tag":"arrow","angle":-112.5},{"angle":225,"time":182,"r":67.5,"id":"anchor3","type":"deco"},{"type":"tag","angleOffset":false,"time":182.125,"tag":"arrow","angle":-112.5},{"angle":225,"time":182.125,"r":146.25,"id":"anchor3","type":"deco"},{"type":"tag","angleOffset":false,"time":182.25,"tag":"arrow","angle":-112.5},{"angle":225,"time":182.25,"r":225,"id":"anchor3","type":"deco"},{"type":"tag","angleOffset":false,"time":182.375,"tag":"arrow","angle":-112.5},{"angle":225,"time":182.375,"r":0,"id":"anchor3","type":"deco"},{"type":"tag","angleOffset":false,"time":182.5,"tag":"arrow","angle":-112.5},{"angle":225,"time":182.5,"r":45,"id":"anchor3","type":"deco"},{"type":"tag","angleOffset":false,"time":182.625,"tag":"arrow","angle":-112.5},{"angle":225,"time":182.625,"r":-225,"id":"anchor3","type":"deco"},{"type":"tag","angleOffset":false,"time":182.75,"tag":"arrow","angle":-112.5},{"angle":225,"time":182.75,"r":-180,"id":"anchor3","type":"deco"},{"type":"tag","angleOffset":false,"time":182.875,"tag":"arrow","angle":-112.5},{"angle":225,"time":182.875,"r":-270,"id":"anchor3","type":"deco"},{"type":"tag","angleOffset":false,"time":183,"tag":"arrow","angle":-112.5},{"angle":225,"time":183,"r":-225,"id":"anchor3","type":"deco"},{"type":"tag","angleOffset":false,"time":183.125,"tag":"arrow","angle":-112.5},{"angle":225,"time":183.125,"r":-495,"id":"anchor3","type":"deco"},{"type":"tag","angleOffset":false,"time":183.25,"tag":"arrow","angle":-112.5},{"angle":225,"time":183.25,"r":-450,"id":"anchor3","type":"deco"},{"type":"tag","angleOffset":false,"time":183.5,"tag":"arrow","angle":-112.5},{"angle":225,"time":183.5,"r":-495,"id":"anchor3","type":"deco"},{"type":"tag","angleOffset":false,"time":183.375,"tag":"arrow","angle":-112.5},{"angle":225,"time":183.375,"r":-540,"id":"anchor3","type":"deco"},{"type":"tag","angleOffset":false,"time":183.625,"tag":"arrow","angle":-112.5},{"angle":225,"time":183.625,"r":221.08799743652,"id":"anchor3","type":"deco"},{"type":"tag","angleOffset":false,"time":183.75,"tag":"arrow","angle":-112.5},{"angle":225,"time":183.75,"r":214.53999328613,"id":"anchor3","type":"deco"},{"type":"tag","angleOffset":false,"time":183.875,"tag":"arrow","angle":-112.5},{"angle":225,"time":183.875,"r":203.38499450684,"id":"anchor3","type":"deco"},{"type":"tag","angleOffset":false,"time":184,"tag":"arrow","angle":-112.5},{"angle":225,"time":184,"r":196.43200683594,"id":"anchor3","type":"deco"},{"type":"tag","angleOffset":false,"time":184.125,"tag":"arrow","angle":-112.5},{"angle":225,"time":184.125,"r":193.51400756836,"id":"anchor3","type":"deco"},{"type":"tag","angleOffset":false,"time":184.25,"tag":"arrow","angle":-112.5},{"angle":225,"time":184.25,"r":198.57600402832,"id":"anchor3","type":"deco"},{"type":"tag","angleOffset":false,"time":184.375,"tag":"arrow","angle":-112.5},{"angle":225,"time":184.375,"r":212.58399963379,"id":"anchor3","type":"deco"},{"type":"tag","angleOffset":false,"time":184.5,"tag":"arrow","angle":-112.5},{"angle":225,"time":184.5,"r":241.05999755859,"id":"anchor3","type":"deco"},{"type":"tag","angleOffset":false,"time":184.625,"tag":"arrow","angle":-112.5},{"angle":225,"time":184.625,"r":281.74600219727,"id":"anchor3","type":"deco"},{"type":"tag","angleOffset":false,"time":184.75,"tag":"arrow","angle":-112.5},{"angle":225,"time":184.75,"r":347.26699829102,"id":"anchor3","type":"deco"},{"type":"tag","angleOffset":false,"time":184.875,"tag":"arrow","angle":-112.5},{"angle":225,"time":184.875,"r":67.5,"id":"anchor3","type":"deco"},{"ease":"outSine","duration":4,"type":"deco","time":185,"r":2880,"id":"anchor3","angle":225},{"hide":false,"time":185,"id":"arrow","y":0,"x":0,"type":"deco","sx":0,"sy":0,"angle":247.5,"duration":4},{"drawLayer":"bg","sprite":"paper.png","time":209,"id":"paper","order":0,"angle":236.25,"type":"deco","y":0,"x":0},{"angle":258.75,"type":"setColor","time":209,"g":70,"r":0,"color":3,"b":0},{"angle":270,"type":"setColor","time":209,"g":255,"r":0,"color":2,"b":0},{"id":"paper","y":-400,"angle":247.5,"time":209,"type":"deco","duration":16,"order":2},{"bpm":60,"angle":315,"time":209,"type":"setBPM"},{"ease":"inSine","var":"vfx.vwaves.strength","type":"ease","time":223,"value":12,"duration":2,"angle":180},{"bpm":210,"angle":135,"time":225,"type":"setBPM"},{"bpm":105,"angle":225,"time":223.375,"type":"setBPM"},{"ease":"outQuad","var":"vfx.vwaves.strength","type":"ease","time":225,"value":0,"duration":1,"angle":180},{"angle":281.25,"type":"setColor","time":209,"g":255,"r":0,"color":1,"b":0},{"angle":292.5,"type":"setColor","time":209,"g":0,"r":0,"color":0,"b":0},{"drawLayer":"bg","time":209,"id":"eye","y":0,"angle":11.25,"type":"deco","x":0,"sprite":"eye!1#0","drawOrder":99},{"type":"deco","sprite":"eye!1#1","time":213,"id":"eye","angle":360},{"type":"deco","sprite":"eye!1#0","time":217,"id":"eye","angle":202.5},{"type":"deco","sprite":"eye!1#2","time":217.125,"id":"eye","angle":202.5},{"effectCanvasRaw":false,"angle":202.5,"sprite":"eye!1#0","effectCanvas":true,"time":217.5,"id":"eye","type":"deco"},{"effectCanvasRaw":false,"angle":202.5,"sprite":"eye!1#3","effectCanvas":true,"time":217.625,"id":"eye","type":"deco"},{"var":"p.fillColor","type":"ease","time":209,"value":0,"angle":33.75},{"var":"p.outlineColor","type":"ease","time":209,"value":0,"angle":45},{"type":"noise","time":217.625,"angle":157.5,"color":2,"chance":0.60000002384186},{"var":"p.outlineColor","type":"ease","time":217.625,"value":1,"angle":146.25},{"drawLayer":"fg","sprite":"eye!1#4","x":0,"y":0,"angle":135,"type":"deco","id":"eye2","time":217.625,"drawOrder":9999},{"ease":"inQuad","var":"vfx.vwaves.period","type":"ease","time":223,"value":1,"duration":2,"angle":191.25},{"ease":"outQuad","var":"vfx.hwaves.period","type":"ease","time":225,"value":16,"duration":1,"angle":191.25},{"time":216.625,"r":0,"color":1,"ease":"inQuad","angle":146.25,"type":"setColor","g":255,"b":150,"duration":0.5},{"time":217.125,"r":0,"color":1,"ease":"inCubic","angle":146.25,"type":"setColor","g":255,"b":255,"duration":0.5},{"time":216.625,"r":0,"color":2,"ease":"inQuad","angle":135,"type":"setColor","g":255,"b":150,"duration":0.5},{"time":217.125,"r":0,"color":2,"ease":"inCubic","angle":135,"type":"setColor","g":255,"b":255,"duration":0.5},{"time":216.625,"r":0,"color":3,"ease":"inQuad","angle":123.75,"type":"setColor","g":71,"b":42,"duration":0.5},{"time":217.125,"r":0,"color":3,"ease":"inCubic","angle":123.75,"type":"setColor","g":88,"b":88,"duration":0.5},{"time":223,"r":0,"color":1,"ease":"inQuart","angle":112.5,"type":"setColor","g":0,"b":255,"duration":2},{"time":223,"r":0,"color":2,"ease":"inQuart","angle":101.25,"type":"setColor","g":0,"b":255,"duration":2},{"time":223,"r":0,"color":3,"ease":"inQuart","angle":90,"type":"setColor","g":0,"b":76,"duration":2},{"description":"","time":206,"r":0,"angle":67.5,"g":255,"b":255,"type":"bookmark","name":"blue"},{"description":"","time":222.5,"r":0,"angle":56.25,"g":0,"b":255,"type":"bookmark","name":"blue*"},{"hide":true,"angle":112.5,"time":225,"id":"paper","type":"deco"},{"hide":true,"angle":101.25,"time":225,"id":"eye","type":"deco"},{"hide":true,"angle":90,"time":225,"id":"eye2","type":"deco"},{"angle":281.25,"type":"setColor","time":225,"g":0,"r":0,"color":0,"b":0},{"angle":292.5,"type":"setColor","time":225,"g":0,"r":0,"color":1,"b":255},{"angle":303.75,"type":"setColor","time":225,"g":61,"r":61,"color":2,"b":122},{"angle":315,"type":"setColor","time":225,"g":120,"r":120,"color":3,"b":255},{"drawLayer":"bg","hide":true,"sprite":"bbb!1","x":0,"y":0,"id":"bbb","angle":360,"sx":5,"sy":5,"time":225,"type":"deco"},{"var":"p.fillColor","angle":236.25,"time":225,"value":4,"type":"ease"},{"var":"p.outlineColor","angle":247.5,"time":225,"value":4,"type":"ease"},{"effectCanvasRaw":false,"hide":true,"sprite":"bbbb!1","effectCanvas":true,"id":"bbbb","y":-2,"time":225,"angle":11.25,"sx":5,"sy":5,"type":"deco","drawLayer":"bg","x":2},{"angle":326.25,"type":"setColor","time":225,"g":0,"r":0,"color":4,"b":0},{"angle":135,"time":223,"color":0,"type":"setColor"},{"effectCanvasRaw":false,"hide":true,"id":"shps","sprite":"shps!1@2","effectCanvas":true,"time":239,"x":120,"y":0,"type":"deco","drawLayer":"fg","angle":360},{"type":"noise","time":225,"angle":33.75,"color":1,"chance":0.80000001192093},{"angle":348.75,"time":157.25,"r":1,"id":"anchor","type":"deco"},{"angle":348.75,"time":157.5,"r":2,"id":"anchor","type":"deco"},{"angle":348.75,"time":157.75,"r":3,"id":"anchor","type":"deco"},{"angle":348.75,"time":158,"r":5,"id":"anchor","type":"deco"},{"angle":348.75,"time":158.25,"r":8,"id":"anchor","type":"deco"},{"angle":348.75,"time":158.5,"r":13,"id":"anchor","type":"deco"},{"angle":348.75,"time":158.75,"r":21,"id":"anchor","type":"deco"},{"angle":348.75,"time":159,"r":34,"id":"anchor","type":"deco"},{"angle":348.75,"time":159.25,"r":55,"id":"anchor","type":"deco"},{"angle":348.75,"time":159.5,"r":89,"id":"anchor","type":"deco"},{"angle":348.75,"time":159.75,"r":144,"id":"anchor","type":"deco"},{"angle":337.5,"time":160,"r":233,"id":"anchor","type":"deco"},{"angle":348.75,"time":160.25,"r":377,"id":"anchor","type":"deco"},{"angle":348.75,"time":160.5,"r":610,"id":"anchor","type":"deco"},{"angle":348.75,"time":160.75,"r":987,"id":"anchor","type":"deco"},{"ease":"inSine","var":"vfx.canvPos.sx","type":"ease","time":157,"value":1.2999999523163,"duration":4,"angle":303.75},{"ease":"inSine","var":"vfx.canvPos.sy","type":"ease","time":157,"value":1.2999999523163,"duration":4,"angle":315},{"ease":"outQuad","var":"vfx.canvPos.sx","type":"ease","time":161,"value":1,"duration":4,"angle":281.25},{"ease":"outQuad","var":"vfx.canvPos.sy","type":"ease","time":161,"value":1,"duration":4,"angle":292.5},{"type":"noise","time":337,"angle":90,"color":0,"chance":0},{"time":337,"r":55,"order":0,"type":"setColor","angle":56.25,"g":55,"b":55,"color":1},{"time":279,"r":255,"color":0,"ease":"inOutQuad","angle":146.25,"type":"setColor","g":255,"b":255,"duration":4},{"type":"noise","time":281,"angle":135,"color":1,"chance":0.10000000149012},{"type":"setColor","angle":135,"time":337,"g":0,"r":0,"color":0,"b":0},{"angle":146.25,"type":"setColor","time":337,"g":255,"r":255,"color":4,"b":255},{"bpm":105,"angle":213.75,"time":337,"type":"setBPM"},{"var":"vfx.flashStrength","type":"ease","time":340.25,"value":1,"angle":180},{"var":"vfx.flashColor.r","type":"ease","time":340,"value":0,"angle":191.25},{"var":"vfx.flashColor.g","type":"ease","time":340,"value":0,"angle":202.5},{"var":"vfx.flashColor.b","type":"ease","time":340,"value":0,"angle":213.75},{"angle":123.75,"type":"showResults","time":340.25},{"ease":"inOutSine","var":"p.drawScale","type":"ease","time":-8,"value":0.5,"duration":4,"angle":180},{"angle":348.75,"parentid":"anchor","type":"deco","time":157,"x":-450,"id":"ggrid","y":-270},{"time":224,"value":0.75,"angle":191.25,"ease":"outSine","var":"scrollSpeed","type":"ease","start":5,"duration":1},{"ease":"inElastic","time":218,"angle":123.75,"paddle":1,"duration":6.25,"newWidth":120,"type":"paddles"},{"ease":"outCirc","var":"scrollSpeed","type":"ease","time":239,"value":1,"duration":2,"angle":90},{"ease":"inCirc","var":"scrollSpeed","type":"ease","time":245,"value":0.75,"duration":1,"angle":90},{"ease":"outCirc","var":"scrollSpeed","type":"ease","time":246,"value":1.25,"duration":2,"angle":90},{"ease":"inCirc","var":"scrollSpeed","type":"ease","time":238,"value":0.5,"duration":1,"angle":90},{"ease":"inCirc","var":"scrollSpeed","type":"ease","time":251.5,"value":1,"duration":1,"angle":90},{"ease":"outCirc","var":"scrollSpeed","type":"ease","time":252.5,"value":1.5,"duration":2,"angle":90},{"ease":"inCirc","var":"scrollSpeed","type":"ease","time":266,"value":1.25,"duration":1,"angle":90},{"ease":"outCirc","var":"scrollSpeed","type":"ease","time":267,"value":1.75,"duration":2,"angle":90},{"ease":"inBack","time":270,"angle":360,"paddle":1,"duration":1.5,"newWidth":70,"type":"paddles"},{"type":"deco","angle":247.5,"sprite":"linum!1#0","time":147,"id":"1","order":1},{"angle":225,"time":147,"sprite":"different!1#0","id":"2","type":"deco"},{"var":"p.layer","type":"ease","time":224,"value":10,"angle":135},{"time":337,"r":0,"duration":3.5,"ease":"inSine","angle":67.5,"type":"setColor","g":0,"b":0,"color":1},{"ease":"inCubic","var":"vfx.flashStrength","type":"ease","time":282,"value":1,"duration":55,"angle":56.25},{"var":"vfx.flashStrength","angle":33.75,"time":337,"value":0,"type":"ease"},{"ease":"inCubic","var":"vfx.bgNoise","type":"ease","time":282,"value":1,"duration":55,"angle":33.75},{"ease":"linear","angle":360,"type":"paddles","paddle":1,"enabled":false,"duration":0,"time":337.0625}]}