[{"ease":"inOutElastic","r":0,"time":0,"angle":270,"duration":0.0625,"b":0,"type":"setColor","color":1,"g":200},{"angle":270,"g":255,"b":0,"color":1,"r":0,"type":"setColor","time":0.0625},{"ease":"inOutElastic","r":0,"time":0.125,"angle":270,"duration":0.0625,"b":0,"type":"setColor","color":1,"g":200},{"angle":270,"time":0.1875,"b":0,"type":"setColor","r":0,"color":1,"g":255},{"ease":"inOutElastic","r":0,"time":0.25,"angle":270,"duration":0.0625,"b":0,"type":"setColor","color":1,"g":200},{"angle":270,"time":0.3125,"b":0,"type":"setColor","r":0,"color":1,"g":255},{"ease":"inOutElastic","r":0,"time":0.375,"angle":270,"duration":0.0625,"b":0,"type":"setColor","color":1,"g":200},{"angle":270,"time":0.4375,"b":0,"type":"setColor","r":0,"color":1,"g":255},{"ease":"inOutElastic","r":0,"time":0.5,"angle":270,"duration":0.0625,"b":0,"type":"setColor","color":1,"g":200},{"angle":270,"time":0.5625,"b":0,"type":"setColor","r":0,"color":1,"g":255},{"ease":"inOutElastic","r":0,"time":0.625,"angle":270,"duration":0.0625,"b":0,"type":"setColor","color":1,"g":200},{"angle":270,"time":0.6875,"b":0,"type":"setColor","r":0,"color":1,"g":255},{"ease":"inOutElastic","r":0,"time":0.75,"angle":270,"duration":0.0625,"b":0,"type":"setColor","color":1,"g":200},{"angle":270,"time":0.8125,"b":0,"type":"setColor","r":0,"color":1,"g":255},{"ease":"inOutElastic","r":0,"time":0.875,"angle":270,"duration":0.0625,"b":0,"type":"setColor","color":1,"g":200},{"angle":270,"time":0.9375,"b":0,"type":"setColor","r":0,"color":1,"g":255},{"ease":"inOutElastic","r":0,"time":1,"angle":270,"duration":0.0625,"b":0,"type":"setColor","color":1,"g":200},{"angle":270,"g":255,"b":0,"color":1,"r":0,"type":"setColor","time":1.0625},{"ease":"inOutElastic","r":0,"time":1.125,"angle":270,"duration":0.0625,"b":0,"type":"setColor","color":1,"g":200},{"angle":270,"time":1.1875,"b":0,"type":"setColor","r":0,"color":1,"g":255},{"ease":"inOutElastic","r":0,"time":1.25,"angle":270,"duration":0.0625,"b":0,"type":"setColor","color":1,"g":200},{"angle":270,"time":1.3125,"b":0,"type":"setColor","r":0,"color":1,"g":255},{"ease":"inOutElastic","r":0,"time":1.375,"angle":270,"duration":0.0625,"b":0,"type":"setColor","color":1,"g":200},{"angle":270,"time":1.4375,"b":0,"type":"setColor","r":0,"color":1,"g":255},{"ease":"inOutElastic","r":0,"time":1.5,"angle":270,"duration":0.0625,"b":0,"type":"setColor","color":1,"g":200},{"angle":270,"time":1.5625,"b":0,"type":"setColor","r":0,"color":1,"g":255},{"ease":"inOutElastic","r":0,"time":1.625,"angle":270,"duration":0.0625,"b":0,"type":"setColor","color":1,"g":200},{"angle":270,"time":1.6875,"b":0,"type":"setColor","r":0,"color":1,"g":255},{"ease":"inOutElastic","r":0,"time":1.75,"angle":270,"duration":0.0625,"b":0,"type":"setColor","color":1,"g":200},{"angle":270,"time":1.8125,"b":0,"type":"setColor","r":0,"color":1,"g":255},{"ease":"inOutElastic","r":0,"time":1.875,"angle":270,"duration":0.0625,"b":0,"type":"setColor","color":1,"g":200},{"angle":270,"time":1.9375,"b":0,"type":"setColor","r":0,"color":1,"g":255},{"ease":"inOutElastic","r":0,"time":2,"angle":270,"duration":0.0625,"b":0,"type":"setColor","color":1,"g":200},{"angle":270,"g":255,"b":0,"color":1,"r":0,"type":"setColor","time":2.0625},{"ease":"inOutElastic","r":0,"time":2.125,"angle":270,"duration":0.0625,"b":0,"type":"setColor","color":1,"g":200},{"angle":270,"time":2.1875,"b":0,"type":"setColor","r":0,"color":1,"g":255},{"ease":"inOutElastic","r":0,"time":2.25,"angle":270,"duration":0.0625,"b":0,"type":"setColor","color":1,"g":200},{"angle":270,"time":2.3125,"b":0,"type":"setColor","r":0,"color":1,"g":255},{"ease":"inOutElastic","r":0,"time":2.375,"angle":270,"duration":0.0625,"b":0,"type":"setColor","color":1,"g":200},{"angle":270,"time":2.4375,"b":0,"type":"setColor","r":0,"color":1,"g":255},{"ease":"inOutElastic","r":0,"time":2.5,"angle":270,"duration":0.0625,"b":0,"type":"setColor","color":1,"g":200},{"angle":270,"time":2.5625,"b":0,"type":"setColor","r":0,"color":1,"g":255},{"ease":"inOutElastic","r":0,"time":2.625,"angle":270,"duration":0.0625,"b":0,"type":"setColor","color":1,"g":200},{"angle":270,"time":2.6875,"b":0,"type":"setColor","r":0,"color":1,"g":255},{"ease":"inOutElastic","r":0,"time":2.75,"angle":270,"duration":0.0625,"b":0,"type":"setColor","color":1,"g":200},{"angle":270,"time":2.8125,"b":0,"type":"setColor","r":0,"color":1,"g":255},{"ease":"inOutElastic","r":0,"time":2.875,"angle":270,"duration":0.0625,"b":0,"type":"setColor","color":1,"g":200},{"angle":270,"time":2.9375,"b":0,"type":"setColor","r":0,"color":1,"g":255},{"ease":"inOutElastic","r":0,"time":3,"angle":270,"duration":0.0625,"b":0,"type":"setColor","color":1,"g":200},{"angle":270,"g":255,"b":0,"color":1,"r":0,"type":"setColor","time":3.0625},{"ease":"inOutElastic","r":0,"time":3.125,"angle":270,"duration":0.0625,"b":0,"type":"setColor","color":1,"g":200},{"angle":270,"time":3.1875,"b":0,"type":"setColor","r":0,"color":1,"g":255},{"ease":"inOutElastic","r":0,"time":3.25,"angle":270,"duration":0.0625,"b":0,"type":"setColor","color":1,"g":200},{"angle":270,"time":3.3125,"b":0,"type":"setColor","r":0,"color":1,"g":255},{"ease":"inOutElastic","r":0,"time":3.375,"angle":270,"duration":0.0625,"b":0,"type":"setColor","color":1,"g":200},{"angle":270,"time":3.4375,"b":0,"type":"setColor","r":0,"color":1,"g":255},{"ease":"inOutElastic","r":0,"time":3.5,"angle":270,"duration":0.0625,"b":0,"type":"setColor","color":1,"g":200},{"angle":270,"time":3.5625,"b":0,"type":"setColor","r":0,"color":1,"g":255},{"ease":"inOutElastic","r":0,"time":3.625,"angle":270,"duration":0.0625,"b":0,"type":"setColor","color":1,"g":200},{"angle":270,"time":3.6875,"b":0,"type":"setColor","r":0,"color":1,"g":255},{"ease":"inOutElastic","r":0,"time":3.75,"angle":270,"duration":0.0625,"b":0,"type":"setColor","color":1,"g":200},{"angle":270,"time":3.8125,"b":0,"type":"setColor","r":0,"color":1,"g":255},{"ease":"inOutElastic","r":0,"time":3.875,"angle":270,"duration":0.0625,"b":0,"type":"setColor","color":1,"g":200},{"angle":270,"time":3.9375,"b":0,"type":"setColor","r":0,"color":1,"g":255}]