[{"sprite":"gggrid.png","angle":56.25,"sx":1,"sy":1,"id":"ggrid","type":"deco","time":0},{"angle":56.25,"sx":0.875,"sy":0.875,"id":"ggrid","type":"deco","time":0.125},{"angle":56.25,"sx":0.75,"sy":0.75,"id":"ggrid","type":"deco","time":0.25},{"angle":56.25,"sx":0.625,"sy":0.625,"type":"deco","id":"ggrid","time":0.375},{"sprite":"gggrid.png","angle":56.25,"sx":1,"sy":1,"id":"ggrid","type":"deco","time":0.5},{"angle":56.25,"sx":0.875,"sy":0.875,"type":"deco","id":"ggrid","time":0.625},{"angle":56.25,"sx":0.75,"sy":0.75,"type":"deco","id":"ggrid","time":0.75},{"angle":56.25,"sx":0.625,"sy":0.625,"id":"ggrid","type":"deco","time":0.875}]