[{"r":-10,"angle":180,"y":140,"hide":false,"id":"woah","sprite":"gaming!1@16","type":"deco","time":0},{"id":"1","type":"deco","sprite":"linum!1#1","angle":247.5,"order":-1,"x":105,"y":-5,"hide":false,"time":0},{"id":"2","hide":false,"sprite":"different!1#1","angle":225,"order":-2,"x":115,"y":225,"type":"deco","time":0},{"duration":0.125,"id":"1","type":"deco","angle":292.5,"order":0,"y":5,"ease":"inOutElastic","x":115,"time":0},{"duration":0.125,"id":"1","type":"deco","angle":303.75,"order":0,"y":5,"ease":"inOutElastic","x":105,"time":0.125},{"duration":0.125,"id":"1","type":"deco","angle":292.5,"order":0,"y":-5,"ease":"inOutElastic","x":115,"time":0.25},{"duration":0.125,"id":"1","type":"deco","angle":303.75,"order":0,"y":-5,"ease":"inOutElastic","x":105,"time":0.375},{"duration":0.125,"id":"1","type":"deco","angle":292.5,"order":0,"y":5,"ease":"inOutElastic","x":115,"time":0.5},{"duration":0.125,"id":"1","type":"deco","angle":303.75,"order":0,"y":5,"ease":"inOutElastic","x":105,"time":0.625},{"duration":0.125,"id":"1","type":"deco","angle":292.5,"order":0,"y":-5,"ease":"inOutElastic","x":115,"time":0.75},{"duration":0.125,"id":"1","type":"deco","angle":303.75,"order":0,"y":-5,"ease":"inOutElastic","x":115,"time":0.875},{"duration":0.125,"id":"1","type":"deco","angle":292.5,"order":0,"y":5,"ease":"inOutElastic","x":115,"time":1},{"duration":0.125,"id":"1","type":"deco","angle":303.75,"order":0,"y":5,"ease":"inOutElastic","x":105,"time":1.125},{"duration":0.125,"id":"1","type":"deco","angle":292.5,"order":0,"y":-5,"ease":"inOutElastic","x":115,"time":1.25},{"duration":0.125,"id":"1","type":"deco","angle":303.75,"order":0,"y":-5,"ease":"inOutElastic","x":105,"time":1.375},{"duration":0.125,"id":"1","type":"deco","angle":292.5,"order":0,"y":5,"ease":"inOutElastic","x":115,"time":1.5},{"duration":0.125,"id":"1","type":"deco","angle":303.75,"order":0,"y":5,"ease":"inOutElastic","x":105,"time":1.625},{"duration":0.125,"id":"1","type":"deco","angle":292.5,"order":0,"y":-5,"ease":"inOutElastic","x":115,"time":1.75},{"duration":0.125,"id":"1","type":"deco","angle":303.75,"order":0,"y":-5,"ease":"inOutElastic","x":105,"time":1.875},{"duration":0.125,"id":"2","type":"deco","angle":258.75,"order":0,"y":235,"ease":"inOutElastic","x":125,"time":0},{"duration":0.125,"id":"2","type":"deco","angle":270,"order":0,"y":235,"ease":"inOutElastic","x":115,"time":0.125},{"duration":0.125,"id":"2","type":"deco","angle":258.75,"order":0,"y":225,"ease":"inOutElastic","x":125,"time":0.25},{"duration":0.125,"id":"2","type":"deco","angle":270,"order":0,"y":225,"ease":"inOutElastic","x":115,"time":0.375},{"duration":0.125,"id":"2","type":"deco","angle":258.75,"order":0,"y":235,"ease":"inOutElastic","x":125,"time":0.5},{"duration":0.125,"id":"2","type":"deco","angle":270,"order":0,"y":235,"ease":"inOutElastic","x":115,"time":0.625},{"duration":0.125,"id":"2","type":"deco","angle":258.75,"order":0,"y":225,"ease":"inOutElastic","x":125,"time":0.75},{"duration":0.125,"id":"2","type":"deco","angle":270,"order":0,"y":225,"ease":"inOutElastic","x":115,"time":0.875},{"duration":0.125,"id":"2","type":"deco","angle":258.75,"order":0,"y":235,"ease":"inOutElastic","x":125,"time":1},{"duration":0.125,"id":"2","type":"deco","angle":270,"order":0,"y":235,"ease":"inOutElastic","x":115,"time":1.125},{"duration":0.125,"id":"2","type":"deco","angle":258.75,"order":0,"y":225,"ease":"inOutElastic","x":125,"time":1.25},{"duration":0.125,"id":"2","type":"deco","angle":270,"order":0,"y":225,"ease":"inOutElastic","x":115,"time":1.375},{"duration":0.125,"id":"2","type":"deco","angle":258.75,"order":0,"y":235,"ease":"inOutElastic","x":125,"time":1.5},{"duration":0.125,"id":"2","type":"deco","angle":270,"order":0,"y":235,"ease":"inOutElastic","x":115,"time":1.625},{"duration":0.125,"id":"2","type":"deco","angle":258.75,"order":0,"y":225,"ease":"inOutElastic","x":125,"time":1.75},{"duration":0.125,"id":"2","type":"deco","angle":270,"order":0,"y":225,"ease":"inOutElastic","x":115,"time":1.875},{"angle":236.25,"id":"woah","type":"deco","hide":true,"time":2},{"angle":258.75,"id":"2","type":"deco","hide":true,"time":2},{"angle":292.5,"id":"1","hide":true,"type":"deco","time":2},{"sprite":"gaming!1@1#14","angle":180,"id":"woah","type":"deco","time":1.625}]