[{"sprite":"hexs!1#0","angle":191.25,"time":0,"type":"deco","x":0,"id":"hex","y":0},{"sprite":"hexs!1#1","angle":191.25,"id":"hex","type":"deco","time":1.125},{"sprite":"hexs!1#2","angle":191.25,"id":"hex","type":"deco","time":1.25},{"sprite":"hexs!1#0","angle":191.25,"y":0,"id":"hex","x":0,"type":"deco","time":1.375},{"sprite":"hexs!1#1","angle":191.25,"type":"deco","id":"hex","time":1.5},{"sprite":"hexs!1#2","angle":191.25,"id":"hex","type":"deco","time":1.875},{"sprite":"hexs!1#0","angle":191.25,"y":0,"id":"hex","x":0,"type":"deco","time":2.125},{"sprite":"hexs!1#1","angle":191.25,"id":"hex","type":"deco","time":2.375},{"sprite":"hexs!1#2","angle":191.25,"type":"deco","id":"hex","time":2.75},{"sprite":"hexs!1#0","angle":191.25,"time":3.125,"type":"deco","x":0,"id":"hex","y":0},{"sprite":"hexs!1#1","angle":191.25,"type":"deco","id":"hex","time":3.375},{"sprite":"hexs!1#2","angle":191.25,"type":"deco","id":"hex","time":3.625},{"sprite":"hexs!1#0","angle":191.25,"time":3.875,"type":"deco","x":0,"id":"hex","y":0},{"sprite":"hexs!1#1","angle":191.25,"type":"deco","id":"hex","time":4.125},{"sprite":"hexs!1#2","angle":191.25,"type":"deco","id":"hex","time":4.25},{"sprite":"hexs!1#0","angle":191.25,"time":4.375,"type":"deco","x":0,"id":"hex","y":0},{"sprite":"hexs!1#1","angle":191.25,"id":"hex","type":"deco","time":4.5},{"sprite":"hexs!1#2","angle":191.25,"type":"deco","id":"hex","time":4.875},{"sprite":"hexs!1#0","angle":191.25,"time":5.25,"type":"deco","x":0,"id":"hex","y":0},{"sprite":"hexs!1#1","angle":191.25,"type":"deco","id":"hex","time":5.625},{"sprite":"hexs!1#2","angle":191.25,"type":"deco","id":"hex","time":6},{"sprite":"hexs!1#0","angle":191.25,"time":6.125,"type":"deco","x":0,"id":"hex","y":0},{"sprite":"hexs!1#1","angle":191.25,"type":"deco","id":"hex","time":6.375},{"sprite":"hexs!1#2","angle":191.25,"id":"hex","type":"deco","time":8.625},{"sprite":"hexs!1#0","angle":191.25,"time":8.75,"type":"deco","x":0,"id":"hex","y":0},{"sprite":"hexs!1#1","angle":191.25,"type":"deco","id":"hex","time":8.875},{"sprite":"hexs!1#2","angle":191.25,"type":"deco","id":"hex","time":9},{"sprite":"hexs!1#0","angle":191.25,"time":9.25,"type":"deco","x":0,"id":"hex","y":0},{"sprite":"hexs!1#1","angle":191.25,"id":"hex","type":"deco","time":10.75},{"sprite":"hexs!1#2","angle":191.25,"type":"deco","id":"hex","time":11},{"sprite":"hexs!1#0","angle":191.25,"time":11.25,"type":"deco","x":0,"id":"hex","y":0},{"sprite":"hexs!1#1","angle":191.25,"id":"hex","type":"deco","time":11.375},{"sprite":"hexs!1#2","angle":191.25,"id":"hex","type":"deco","time":11.625},{"sprite":"hexs!1#0","angle":191.25,"time":11.875,"type":"deco","x":0,"id":"hex","y":0},{"sprite":"hexs!1#1","angle":191.25,"type":"deco","id":"hex","time":12.5},{"sprite":"hexs!1#2","angle":191.25,"type":"deco","id":"hex","time":12.875},{"sprite":"hexs!1#0","angle":191.25,"time":13,"type":"deco","x":0,"id":"hex","y":0},{"sprite":"hexs!1#1","angle":191.25,"type":"deco","id":"hex","time":13.125},{"sprite":"hexs!1#2","angle":191.25,"id":"hex","type":"deco","time":13.25},{"sprite":"hexs!1#0","angle":191.25,"time":13.375,"type":"deco","x":0,"id":"hex","y":0},{"sprite":"hexs!1#1","angle":191.25,"type":"deco","id":"hex","time":13.5},{"sprite":"hexs!1#2","angle":191.25,"id":"hex","type":"deco","time":13.625},{"sprite":"hexs!1#0","angle":191.25,"time":13.75,"type":"deco","x":0,"id":"hex","y":0},{"sprite":"hexs!1#1","angle":191.25,"type":"deco","id":"hex","time":14.25},{"sprite":"hexs!1#2","angle":191.25,"type":"deco","id":"hex","time":14.625},{"sprite":"hexs!1#0","angle":191.25,"time":15,"type":"deco","x":0,"id":"hex","y":0},{"sprite":"hexs!1#1","angle":191.25,"type":"deco","id":"hex","time":15.375},{"sprite":"hexs!1#2","angle":191.25,"type":"deco","id":"hex","time":15.75},{"sprite":"hexs!1#0","angle":191.25,"time":16.125,"type":"deco","x":0,"id":"hex","y":0},{"sprite":"hexs!1#1","angle":191.25,"id":"hex","type":"deco","time":16.5},{"sprite":"hexs!1#2","angle":191.25,"id":"hex","type":"deco","time":17.75},{"sprite":"hexs!1#0","angle":191.25,"time":17.875,"type":"deco","x":0,"id":"hex","y":0},{"sprite":"hexs!1#1","angle":191.25,"id":"hex","type":"deco","time":18},{"sprite":"hexs!1#2","angle":191.25,"type":"deco","id":"hex","time":18.5},{"sprite":"hexs!1#0","angle":191.25,"time":18.625,"type":"deco","x":0,"id":"hex","y":0},{"sprite":"hexs!1#1","angle":191.25,"type":"deco","id":"hex","time":18.75},{"sprite":"hexs!1#2","angle":191.25,"id":"hex","type":"deco","time":19.25},{"sprite":"hexs!1#0","angle":191.25,"time":19.375,"type":"deco","x":0,"id":"hex","y":0},{"sprite":"hexs!1#1","angle":191.25,"type":"deco","id":"hex","time":19.625},{"sprite":"hexs!1#2","angle":191.25,"type":"deco","id":"hex","time":19.875},{"sprite":"hexs!1#0","angle":191.25,"time":20.25,"type":"deco","x":0,"id":"hex","y":0},{"sprite":"hexs!1#1","angle":191.25,"id":"hex","type":"deco","time":20.625},{"sprite":"hexs!1#2","angle":191.25,"type":"deco","id":"hex","time":20.75},{"sprite":"hexs!1#0","angle":191.25,"time":20.875,"type":"deco","x":0,"id":"hex","y":0},{"sprite":"hexs!1#1","angle":191.25,"id":"hex","type":"deco","time":21},{"sprite":"hexs!1#2","angle":191.25,"type":"deco","id":"hex","time":21.125},{"sprite":"hexs!1#0","angle":191.25,"time":21.25,"type":"deco","x":0,"id":"hex","y":0},{"sprite":"hexs!1#1","angle":191.25,"id":"hex","type":"deco","time":21.375},{"sprite":"hexs!1#2","angle":191.25,"id":"hex","type":"deco","time":21.5},{"sprite":"hexs!1#0","angle":191.25,"time":21.625,"type":"deco","x":0,"id":"hex","y":0},{"sprite":"hexs!1#1","angle":191.25,"type":"deco","id":"hex","time":21.75},{"sprite":"hexs!1#2","angle":191.25,"type":"deco","id":"hex","time":21.875},{"sprite":"hexs!1#0","angle":191.25,"time":22,"type":"deco","x":0,"id":"hex","y":0},{"sprite":"hexs!1#1","angle":191.25,"id":"hex","type":"deco","time":22.125},{"sprite":"hexs!1#2","angle":191.25,"type":"deco","id":"hex","time":22.25},{"sprite":"hexs!1#0","angle":191.25,"y":0,"id":"hex","x":0,"type":"deco","time":22.375},{"sprite":"hexs!1#1","angle":191.25,"type":"deco","id":"hex","time":22.5},{"sprite":"hexs!1#2","angle":191.25,"type":"deco","id":"hex","time":22.625},{"sprite":"hexs!1#0","angle":191.25,"time":22.75,"type":"deco","x":0,"id":"hex","y":0},{"sprite":"hexs!1#1","angle":191.25,"id":"hex","type":"deco","time":22.875},{"sprite":"hexs!1#2","angle":191.25,"id":"hex","type":"deco","time":23},{"sprite":"hexs!1#0","angle":191.25,"time":23.125,"type":"deco","x":0,"id":"hex","y":0},{"sprite":"hexs!1#1","angle":191.25,"id":"hex","type":"deco","time":23.25},{"sprite":"hexs!1#2","angle":191.25,"id":"hex","type":"deco","time":23.375},{"sprite":"hexs!1#0","angle":191.25,"time":23.5,"type":"deco","x":0,"id":"hex","y":0},{"sprite":"hexs!1#1","angle":191.25,"type":"deco","id":"hex","time":23.625},{"sprite":"hexs!1#2","angle":191.25,"type":"deco","id":"hex","time":23.75},{"sprite":"hexs!1#0","angle":191.25,"time":23.875,"type":"deco","x":0,"id":"hex","y":0},{"angle":191.25,"time":24,"type":"deco","id":"hex","hide":true}]