[{"sprite":"ZAG.png","drawLayer":"bg","order":-1,"x":-600,"parentid":"anchor","time":0,"id":"zag","angle":33.75,"sy":10,"sx":10,"ox":15,"oy":9,"type":"deco","y":-360},{"sprite":"zig.png","parentid":"anchor2","x":-600,"effectCanvas":true,"order":-1,"drawLayer":"bg","id":"zig","time":0,"sy":10,"angle":348.75,"type":"deco","sx":10,"ox":15,"oy":9,"effectCanvasRaw":false,"y":-360},{"ox":-15,"angle":22.5,"duration":4,"type":"deco","order":0,"oy":-9,"id":"zag","time":0},{"ox":-15,"angle":337.5,"duration":4,"type":"deco","order":0,"oy":-9,"id":"zig","time":0}]