[{"holdEase":"inOutSine","angle":67.5,"time":1,"angle2":-180,"duration":8,"type":"hold"},{"holdEase":"outSine","type":"hold","angle2":517.5,"endAngle":180,"time":9,"duration":8,"angle":337.5},{"holdEase":"inOutSine","type":"hold","angle2":742.5,"endAngle":157.5,"time":17,"duration":8,"angle":45},{"type":"extraTap","angle":67.5,"time":18},{"type":"extraTap","angle":67.5,"time":18.75},{"type":"extraTap","angle":67.5,"time":19.5},{"type":"extraTap","angle":45,"time":21.25},{"type":"extraTap","angle":45,"time":21.5},{"type":"extraTap","angle":45,"time":21.75},{"angle":-112.5,"angle2":-450,"endAngle":0,"type":"hold","duration":9.5,"time":25},{"angle":45,"time":25,"type":"hold","duration":0.33333334326744,"angle2":45},{"angle":0,"time":25.333333969116,"type":"hold","duration":0.66666662693024,"angle2":-90},{"angle":315,"time":26,"type":"hold","duration":0.66666662693024,"angle2":225},{"angle":270,"time":26.666666030884,"type":"hold","duration":0.83333325386047,"angle2":180},{"angle":180,"time":27.5,"type":"hold","duration":0.75,"angle2":225},{"angle":225,"time":28.25,"type":"hold","duration":0.75,"angle2":202.5},{"angle":225,"time":29,"type":"hold","duration":1,"angle2":135},{"angle":135,"time":30,"type":"hold","duration":1.25,"angle2":0},{"angle":0,"time":31.25,"type":"hold","duration":0.25,"angle2":22.5},{"angle":22.5,"time":31.5,"type":"hold","duration":3.5,"angle2":-135},{"angle":225,"time":34.5,"type":"hold","duration":4.5,"angle2":-67.5},{"speedMult":-1,"angle":225,"time":34.75,"type":"inverse"},{"type":"block","angle":315,"time":38.75},{"type":"block","angle":315,"time":39.25},{"type":"block","angle":337.5,"time":39.5},{"type":"block","angle":112.5,"time":40},{"holdEase":"inOutSine","angle":247.5,"time":41,"angle2":585,"duration":4,"type":"hold"},{"type":"block","angle":360,"time":42},{"type":"block","angle":45,"time":42.75},{"type":"block","angle":202.5,"time":43.5},{"type":"block","angle":157.5,"time":44},{"type":"block","angle":112.5,"time":46},{"type":"block","angle":315,"time":46.75},{"type":"block","angle":22.5,"time":47.5},{"type":"block","angle":90,"time":48},{"holdEase":"inOutSine","angle":225,"time":49,"angle2":607.5,"duration":4,"type":"hold"},{"type":"block","angle":202.5,"time":51.5},{"type":"extraTap","angle":202.5,"time":52},{"type":"extraTap","angle":337.5,"time":50},{"type":"extraTap","angle":225,"time":54},{"holdEase":"inOutSine","angle":90,"time":54,"angle2":-202.5,"duration":3,"type":"hold"},{"type":"extraTap","angle":45,"time":56},{"holdEase":"inSine","angle":180,"time":56.5,"angle2":765,"duration":12.5,"type":"hold"},{"holdEase":"inQuad","type":"hold","angle2":382.5,"endAngle":45,"time":69,"duration":6,"angle":270},{"holdEase":"outSine","type":"hold","angle2":382.5,"endAngle":22.5,"time":75,"duration":5,"angle":135},{"type":"block","angle":22.5,"time":81},{"type":"block","angle":0,"time":81},{"type":"block","angle":270,"time":81.5},{"type":"block","angle":247.5,"time":81.5},{"type":"block","angle":45,"time":82},{"type":"block","angle":67.5,"time":82},{"type":"block","angle":225,"time":82.5},{"type":"block","angle":247.5,"time":82.5},{"type":"mine","angle":180,"time":81},{"type":"mine","angle":202.5,"time":81},{"type":"mine","angle":90,"time":81.5},{"type":"mine","angle":67.5,"time":81.5},{"type":"mine","angle":247.5,"time":82},{"type":"mine","angle":225,"time":82},{"type":"mine","angle":45,"time":82.5},{"type":"mine","angle":67.5,"time":82.5},{"type":"block","angle":337.5,"time":83},{"type":"block","angle":315,"time":83},{"type":"block","angle":225,"time":83.5},{"type":"block","angle":202.5,"time":83.5},{"type":"block","angle":270,"time":84},{"type":"block","angle":247.5,"time":84},{"type":"block","angle":157.5,"time":84.5},{"type":"block","angle":135,"time":84.5},{"type":"block","angle":45,"time":84.75},{"type":"block","angle":315,"time":85},{"type":"block","angle":292.5,"time":85},{"type":"mine","angle":90,"time":84},{"type":"mine","angle":67.5,"time":84},{"type":"mine","angle":315,"time":84.5},{"type":"mine","angle":337.5,"time":84.5},{"type":"mine","angle":225,"time":84.75},{"type":"mine","angle":135,"time":85},{"type":"mine","angle":112.5,"time":85},{"type":"block","angle":112.5,"time":85.5},{"type":"block","angle":90,"time":85.5},{"type":"block","angle":315,"time":86},{"type":"block","angle":292.5,"time":86},{"type":"mine","angle":270,"time":85.5},{"type":"mine","angle":292.5,"time":85.5},{"type":"mine","angle":135,"time":86},{"type":"mine","angle":112.5,"time":86},{"type":"block","angle":135,"time":86.5},{"type":"block","angle":112.5,"time":86.5},{"type":"mine","angle":315,"time":86.5},{"type":"mine","angle":292.5,"time":86.5},{"type":"block","angle":270,"time":87},{"type":"block","angle":247.5,"time":87},{"type":"mine","angle":90,"time":87},{"type":"mine","angle":67.5,"time":87},{"type":"block","angle":135,"time":87.5},{"type":"block","angle":157.5,"time":87.5},{"type":"mine","angle":337.5,"time":87.5},{"type":"mine","angle":315,"time":87.5},{"type":"block","angle":247.5,"time":87.75},{"type":"block","angle":112.5,"time":88.25},{"type":"block","angle":157.5,"time":88.375},{"type":"block","angle":315,"time":88.75},{"type":"block","angle":157.5,"time":89},{"type":"block","angle":135,"time":89},{"type":"block","angle":292.5,"time":88.75},{"type":"mine","angle":292.5,"time":88.25},{"type":"mine","angle":337.5,"time":88.375},{"type":"mine","angle":112.5,"time":88.75},{"type":"mine","angle":135,"time":88.75},{"type":"mine","angle":337.5,"time":89},{"type":"mine","angle":315,"time":89},{"type":"block","angle":202.5,"time":88.5},{"type":"mine","angle":22.5,"time":88.5},{"type":"block","angle":337.5,"time":89.5},{"type":"block","angle":0,"time":89.5},{"type":"block","angle":90,"time":90},{"type":"block","angle":112.5,"time":90},{"type":"block","angle":247.5,"time":90.5},{"type":"block","angle":270,"time":90.5},{"type":"mine","angle":180,"time":89.5},{"type":"mine","angle":157.5,"time":89.5},{"type":"mine","angle":270,"time":90},{"type":"mine","angle":292.5,"time":90},{"type":"mine","angle":90,"time":90.5},{"type":"mine","angle":67.5,"time":90.5},{"type":"block","angle":45,"time":91},{"type":"block","angle":22.5,"time":91},{"type":"block","angle":157.5,"time":91.5},{"type":"block","angle":180,"time":91.5},{"type":"block","angle":292.5,"time":92},{"type":"block","angle":315,"time":92},{"type":"block","angle":67.5,"time":92.5},{"type":"block","angle":90,"time":92.5},{"type":"mine","angle":202.5,"time":91},{"type":"mine","angle":225,"time":91},{"type":"mine","angle":360,"time":91.5},{"type":"mine","angle":337.5,"time":91.5},{"type":"mine","angle":135,"time":92},{"type":"mine","angle":112.5,"time":92},{"type":"mine","angle":247.5,"time":92.5},{"type":"mine","angle":270,"time":92.5},{"type":"block","angle":202.5,"time":92.75},{"type":"block","angle":180,"time":92.75},{"type":"block","angle":315,"time":93},{"type":"block","angle":292.5,"time":93},{"type":"mine","angle":22.5,"time":92.75},{"type":"mine","angle":0,"time":92.75},{"type":"mine","angle":135,"time":93},{"type":"mine","angle":112.5,"time":93},{"type":"block","angle":157.5,"time":93.5},{"type":"block","angle":135,"time":93.5},{"type":"mine","angle":337.5,"time":93.5},{"type":"mine","angle":315,"time":93.5},{"type":"block","angle":247.5,"time":94},{"type":"block","angle":225,"time":94},{"type":"block","angle":45,"time":94.5},{"type":"block","angle":67.5,"time":94.5},{"type":"block","angle":135,"time":95},{"type":"block","angle":157.5,"time":95},{"type":"mine","angle":67.5,"time":94},{"type":"mine","angle":45,"time":94},{"type":"mine","angle":225,"time":94.5},{"type":"mine","angle":247.5,"time":94.5},{"type":"mine","angle":337.5,"time":95},{"type":"mine","angle":315,"time":95},{"type":"block","angle":360,"time":95.5},{"type":"block","angle":30,"time":95.375},{"type":"mine","angle":180,"time":95.5},{"type":"mine","angle":210,"time":95.375},{"type":"block","angle":45,"time":95.75},{"type":"block","angle":78.75,"time":95.8125},{"type":"block","angle":56.25,"time":95.875},{"type":"block","angle":90,"time":95.9375},{"type":"block","angle":67.5,"time":96},{"type":"block","angle":101.25,"time":96},{"type":"block","angle":-348.75,"time":96.125},{"type":"block","angle":-326.25,"time":96.125},{"type":"block","angle":-22.5,"time":96.25},{"type":"block","angle":-45,"time":96.25},{"speedMult":1.5,"angle":360,"time":96.5,"angle2":0,"duration":0,"type":"mineHold"},{"speedMult":1.5,"angle":360,"time":96.625,"angle2":0,"duration":0,"type":"mineHold"},{"speedMult":1.5,"angle":360,"time":96.75,"angle2":0,"duration":0,"type":"mineHold"},{"angle":33.75,"time":97,"type":"hold","duration":0.5,"angle2":101.25},{"type":"block","angle":22.5,"time":97},{"type":"block","angle":11.25,"time":97},{"type":"block","angle":112.5,"time":97.5},{"type":"block","angle":348.75,"time":98},{"type":"block","angle":146.25,"time":98.5},{"type":"block","angle":123.75,"time":97.5},{"type":"block","angle":337.5,"time":98},{"type":"block","angle":281.25,"time":99},{"type":"block","angle":22.5,"time":99.5},{"type":"block","angle":146.25,"time":100},{"type":"block","angle":303.75,"time":100.5},{"angle":101.25,"time":97.5,"type":"hold","duration":0.5,"angle2":0},{"angle":360,"time":98,"type":"hold","duration":0.5,"angle2":495},{"angle":157.5,"time":98.5,"type":"hold","duration":0.5,"angle2":270},{"angle":292.5,"time":99,"type":"hold","duration":0.5,"angle2":371.25},{"angle":33.75,"time":99.5,"type":"hold","duration":0.5,"angle2":135},{"angle":157.5,"time":100,"type":"hold","duration":0.5,"angle2":292.5},{"type":"block","angle":202.5,"time":100.75},{"type":"block","angle":213.75,"time":100.75},{"type":"block","angle":101.25,"time":101},{"type":"block","angle":90,"time":101},{"type":"block","angle":326.25,"time":101.5},{"type":"block","angle":112.5,"time":102},{"type":"block","angle":315,"time":101.5},{"type":"block","angle":258.75,"time":102.5},{"type":"block","angle":247.5,"time":102.5},{"angle":78.75,"time":101,"type":"hold","duration":0.5,"angle2":-22.5},{"angle":337.5,"time":101.5,"type":"hold","duration":0.5,"angle2":461.25},{"angle":123.75,"time":102,"type":"hold","duration":0.5,"angle2":236.25},{"type":"mine","angle":123.75,"time":100.5},{"type":"mine","angle":22.5,"time":100.75},{"type":"mine","angle":33.75,"time":100.75},{"type":"mine","angle":270,"time":101},{"type":"mine","angle":281.25,"time":101},{"type":"mine","angle":191.25,"time":97},{"type":"mine","angle":202.5,"time":97},{"type":"mine","angle":157.5,"time":98},{"type":"mine","angle":168.75,"time":98},{"type":"mine","angle":101.25,"time":99},{"type":"mine","angle":326.25,"time":100},{"type":"mine","angle":292.5,"time":102},{"type":"mine","angle":292.5,"time":97.5},{"type":"mine","angle":303.75,"time":97.5},{"type":"mine","angle":326.25,"time":98.5},{"type":"mine","angle":202.5,"time":99.5},{"type":"mine","angle":146.25,"time":101.5},{"type":"mine","angle":135,"time":101.5},{"type":"mine","angle":67.5,"time":102.5},{"type":"mine","angle":78.75,"time":102.5},{"type":"block","angle":22.5,"time":103},{"type":"block","angle":45,"time":103},{"type":"block","angle":67.5,"time":103},{"type":"block","angle":270,"time":103.5},{"type":"block","angle":247.5,"time":103.5},{"type":"block","angle":225,"time":103.75},{"type":"block","angle":202.5,"time":103.75},{"type":"block","angle":123.75,"time":104.125},{"type":"block","angle":146.25,"time":104.25},{"type":"block","angle":157.5,"time":104.25},{"type":"block","angle":78.75,"time":104.5},{"type":"block","angle":101.25,"time":104.5},{"type":"block","angle":33.75,"time":104.75},{"type":"block","angle":11.25,"time":104.75},{"type":"block","angle":101.25,"time":105},{"type":"block","angle":123.75,"time":105},{"type":"block","angle":281.25,"time":105.5},{"type":"block","angle":303.75,"time":105.5},{"type":"block","angle":326.25,"time":105.5},{"type":"mine","angle":202.5,"time":103},{"type":"mine","angle":225,"time":103},{"type":"mine","angle":247.5,"time":103},{"type":"mine","angle":90,"time":103.5},{"type":"mine","angle":67.5,"time":103.5},{"type":"mine","angle":22.5,"time":103.75},{"type":"mine","angle":45,"time":103.75},{"type":"mine","angle":303.75,"time":104.125},{"type":"mine","angle":326.25,"time":104.25},{"type":"mine","angle":337.5,"time":104.25},{"type":"mine","angle":281.25,"time":104.5},{"type":"mine","angle":258.75,"time":104.5},{"type":"mine","angle":191.25,"time":104.75},{"type":"mine","angle":213.75,"time":104.75},{"type":"mine","angle":281.25,"time":105},{"type":"mine","angle":303.75,"time":105},{"type":"mine","angle":101.25,"time":105.5},{"type":"mine","angle":123.75,"time":105.5},{"type":"mine","angle":146.25,"time":105.5},{"type":"block","angle":-517.5,"time":106},{"type":"block","angle":-540,"time":106},{"type":"block","angle":-562.5,"time":106},{"type":"mine","angle":-337.5,"time":106},{"type":"mine","angle":-360,"time":106},{"type":"mine","angle":-382.5,"time":106},{"type":"block","angle":337.5,"time":106.5},{"type":"block","angle":360,"time":106.5},{"type":"block","angle":382.5,"time":106.5},{"type":"mine","angle":157.5,"time":106.5},{"type":"mine","angle":180,"time":106.5},{"type":"mine","angle":202.5,"time":106.5},{"type":"block","angle":-562.5,"time":107},{"type":"block","angle":-585,"time":107},{"type":"block","angle":-607.5,"time":107},{"type":"mine","angle":-382.5,"time":107},{"type":"mine","angle":-405,"time":107},{"type":"mine","angle":-427.5,"time":107},{"type":"block","angle":-382.5,"time":107.5},{"type":"block","angle":-405,"time":107.5},{"type":"block","angle":-427.5,"time":107.5},{"type":"mine","angle":-202.5,"time":107.5},{"type":"mine","angle":-225,"time":107.5},{"type":"mine","angle":-247.5,"time":107.5},{"type":"block","angle":-540,"time":108},{"type":"block","angle":-562.5,"time":108},{"type":"block","angle":-585,"time":108},{"type":"mine","angle":-360,"time":108},{"type":"mine","angle":-382.5,"time":108},{"type":"mine","angle":-405,"time":108},{"type":"block","angle":-720,"time":108.5},{"type":"block","angle":-742.5,"time":108.5},{"type":"mine","angle":-540,"time":108.5},{"type":"mine","angle":-562.5,"time":108.5},{"type":"block","angle":45,"time":108.75},{"type":"block","angle":67.5,"time":108.75},{"type":"block","angle":112.5,"time":109},{"type":"block","angle":135,"time":109},{"type":"mine","angle":292.5,"time":109},{"type":"mine","angle":315,"time":109},{"type":"mine","angle":247.5,"time":108.75},{"type":"mine","angle":225,"time":108.75},{"type":"block","angle":225,"time":109.5},{"type":"block","angle":247.5,"time":109.5},{"type":"mine","angle":405,"time":109.5},{"type":"mine","angle":427.5,"time":109.5},{"type":"block","angle":90,"time":110},{"type":"block","angle":112.5,"time":110},{"type":"mine","angle":270,"time":110},{"type":"mine","angle":292.5,"time":110},{"type":"block","angle":225,"time":110.5},{"type":"block","angle":202.5,"time":110.5},{"type":"mine","angle":360,"time":110.5},{"type":"mine","angle":382.5,"time":110.5},{"type":"block","angle":180,"time":110.4375},{"type":"block","angle":157.5,"time":110.375},{"type":"block","angle":292.5,"time":110.75},{"type":"block","angle":315,"time":110.75},{"type":"extraTap","angle":0,"time":110.75},{"angle":56.25,"time":111,"type":"hold","duration":0.125,"angle2":90},{"angle":90,"time":111.125,"type":"hold","duration":0.125,"angle2":56.25},{"angle":90,"time":111.375,"type":"hold","duration":0.125,"angle2":123.75},{"angle":157.5,"time":111.625,"type":"hold","duration":0.125,"angle2":191.25},{"angle":191.25,"time":111.75,"type":"hold","duration":0.125,"angle2":157.5},{"angle":191.25,"time":112,"type":"hold","duration":0.125,"angle2":225},{"angle":225,"time":112.125,"type":"hold","duration":0.125,"angle2":191.25},{"angle":-101.25,"time":112.375,"type":"hold","duration":0.125,"angle2":-135},{"angle":-135,"time":112.5,"type":"hold","duration":0.125,"angle2":-101.25},{"angle":225,"time":112.75,"type":"hold","duration":0.125,"angle2":191.25},{"holdEase":"linear","angle":157.5,"time":113,"angle2":22.5,"duration":0.5,"type":"hold"},{"holdEase":"outSine","angle":22.5,"time":113.75,"angle2":-112.5,"duration":0.25,"type":"hold"},{"holdEase":"outSine","angle":22.5,"time":114.25,"angle2":-112.5,"duration":0.25,"type":"hold"},{"holdEase":"outSine","angle":22.5,"time":114.75,"angle2":-112.5,"duration":0.25,"type":"hold"},{"holdEase":"outSine","angle":22.5,"time":115.25,"angle2":-112.5,"duration":0.25,"type":"hold"},{"holdEase":"inSine","angle":247.5,"time":115.75,"angle2":67.5,"duration":0.5,"type":"hold"},{"type":"block","angle":45,"time":116.25},{"type":"block","angle":225,"time":116.5},{"type":"block","angle":247.5,"time":116.5},{"type":"block","angle":0,"time":117},{"type":"block","angle":22.5,"time":117},{"holdEase":"outQuad","angle":315,"time":117.25,"angle2":450,"duration":0.25,"type":"hold"},{"holdEase":"outCubic","angle":315,"time":117.75,"angle2":450,"duration":0.25,"type":"hold"},{"holdEase":"outQuart","angle":315,"time":118.25,"angle2":450,"duration":0.25,"type":"hold"},{"holdEase":"outQuint","angle":315,"time":118.75,"angle2":450,"duration":0.25,"type":"hold"},{"angle":90,"time":119,"type":"hold","duration":0.375,"angle2":225},{"angle":225,"time":119.375,"type":"hold","duration":0.375,"angle2":157.5},{"angle":157.5,"time":119.75,"type":"hold","duration":0.25,"angle2":247.5},{"angle":135,"time":120.25,"type":"block","tap":true},{"type":"block","angle":22.5,"time":120.5},{"angle":270,"time":120.75,"type":"block","tap":true},{"holdEase":"outSine","angle":157.5,"time":121,"angle2":-112.5,"duration":0.5,"type":"hold"},{"holdEase":"outQuad","angle":382.5,"time":121.75,"angle2":517.5,"duration":0.25,"type":"hold"},{"holdEase":"outCubic","angle":382.5,"time":122.25,"angle2":517.5,"duration":0.25,"type":"hold"},{"holdEase":"outQuart","angle":382.5,"time":122.75,"angle2":517.5,"duration":0.25,"type":"hold"},{"holdEase":"outQuint","angle":382.5,"time":123.25,"angle2":517.5,"duration":0.25,"type":"hold"},{"type":"block","angle":270,"time":124},{"type":"block","angle":292.5,"time":124},{"type":"block","angle":67.5,"time":124.5},{"type":"block","angle":90,"time":124.5},{"type":"block","angle":247.5,"time":125},{"type":"block","angle":270,"time":125},{"angle":135,"time":123.75,"type":"block","tap":true},{"angle":247.5,"time":124.25,"type":"block","tap":true},{"type":"block","angle":45,"time":124.75},{"type":"block","angle":90,"time":145},{"holdEase":"outQuad","angle":292.5,"time":125.25,"angle2":427.5,"duration":0.25,"type":"hold"},{"holdEase":"outCubic","angle":225,"time":125.75,"angle2":360,"duration":0.25,"type":"hold"},{"holdEase":"outQuart","angle":157.5,"time":126.25,"angle2":292.5,"duration":0.25,"type":"hold"},{"holdEase":"outQuad","angle":225,"time":126.75,"angle2":360,"duration":0.25,"type":"hold"},{"type":"extraTap","angle":45,"time":113.75},{"type":"extraTap","angle":45,"time":114.25},{"type":"extraTap","angle":45,"time":114.75},{"type":"extraTap","angle":45,"time":115.25},{"type":"extraTap","angle":45,"time":115.75},{"type":"extraTap","angle":45,"time":116.25},{"type":"extraTap","angle":45,"time":116.75},{"type":"extraTap","angle":45,"time":117.25},{"type":"extraTap","angle":45,"time":117.75},{"type":"extraTap","angle":45,"time":118.25},{"type":"extraTap","angle":45,"time":118.75},{"type":"extraTap","angle":45,"time":119.25},{"type":"extraTap","angle":45,"time":119.75},{"type":"extraTap","angle":45,"time":120.25},{"type":"extraTap","angle":45,"time":120.75},{"type":"extraTap","angle":45,"time":121.75},{"type":"extraTap","angle":45,"time":122.25},{"type":"extraTap","angle":45,"time":122.75},{"type":"extraTap","angle":45,"time":123.25},{"type":"extraTap","angle":45,"time":123.75},{"type":"extraTap","angle":45,"time":124.25},{"type":"extraTap","angle":45,"time":124.75},{"type":"extraTap","angle":45,"time":125.25},{"type":"extraTap","angle":45,"time":125.75},{"type":"extraTap","angle":45,"time":126.25},{"type":"extraTap","angle":45,"time":126.75},{"type":"extraTap","angle":45,"time":127.25},{"type":"extraTap","angle":45,"time":127.75},{"type":"extraTap","angle":45,"time":121},{"type":"mine","angle":315,"time":127.5},{"type":"mine","angle":0,"time":127.5},{"type":"mine","angle":45,"time":127.5},{"type":"side","angle":22.5,"time":127},{"type":"block","angle":135,"time":128},{"type":"block","angle":67.5,"time":128.25},{"type":"block","angle":0,"time":128.5},{"type":"block","angle":270,"time":128.75},{"type":"block","angle":90,"time":128.125},{"type":"block","angle":337.5,"time":128.375},{"type":"block","angle":292.5,"time":128.625},{"type":"extraTap","angle":45,"time":129},{"type":"block","angle":135,"time":143},{"holdEase":"inOutQuad","angle":225,"time":127.25,"angle2":157.5,"duration":0.125,"type":"hold"},{"holdEase":"inOutQuad","angle":157.5,"time":127.375,"angle2":202.5,"duration":0.125,"type":"hold"},{"holdEase":"inOutCubic","angle":202.5,"time":127.5,"angle2":135,"duration":0.125,"type":"hold"},{"holdEase":"inOutCubic","angle":135,"time":127.625,"angle2":180,"duration":0.125,"type":"hold"},{"holdEase":"inOutCubic","angle":180,"time":127.75,"angle2":112.5,"duration":0.125,"type":"hold"},{"holdEase":"inOutQuart","angle":112.5,"time":127.875,"angle2":135,"duration":0.125,"type":"hold"},{"type":"block","angle":180,"time":129},{"type":"block","angle":157.5,"time":129},{"type":"block","angle":22.5,"time":129.5},{"type":"block","angle":0,"time":129.5},{"type":"block","angle":225,"time":130},{"type":"block","angle":202.5,"time":130},{"type":"block","angle":315,"time":130.5},{"type":"block","angle":337.5,"time":130.5},{"type":"block","angle":112.5,"time":131},{"type":"block","angle":135,"time":131},{"type":"block","angle":292.5,"time":131.5},{"type":"block","angle":315,"time":131.5},{"type":"extraTap","angle":45,"time":130.25},{"type":"extraTap","angle":45,"time":130.75},{"type":"extraTap","angle":67.5,"time":131.25},{"type":"extraTap","angle":45,"time":131.75},{"type":"extraTap","angle":45,"time":132.25},{"type":"extraTap","angle":45,"time":132.75},{"type":"extraTap","angle":45,"time":133.25},{"type":"extraTap","angle":45,"time":133.75},{"type":"extraTap","angle":45,"time":134.25},{"type":"extraTap","angle":45,"time":134.75},{"type":"extraTap","angle":30,"time":135.25},{"type":"extraTap","angle":45,"time":135.75},{"type":"extraTap","angle":45,"time":136.25},{"type":"extraTap","angle":45,"time":136.75},{"type":"extraTap","angle":45,"time":137},{"type":"extraTap","angle":45,"time":137.75},{"type":"extraTap","angle":45,"time":138.25},{"type":"extraTap","angle":45,"time":138.75},{"type":"extraTap","angle":45,"time":139.25},{"type":"extraTap","angle":45,"time":139.75},{"type":"extraTap","angle":45,"time":140.25},{"type":"extraTap","angle":45,"time":140.75},{"type":"extraTap","angle":45,"time":141.25},{"type":"extraTap","angle":45,"time":141.75},{"type":"extraTap","angle":45,"time":142.25},{"type":"extraTap","angle":45,"time":142.75},{"type":"extraTap","angle":45,"time":129.75},{"type":"block","angle":0,"time":132},{"type":"block","angle":22.5,"time":132},{"type":"mine","angle":67.5,"time":129.25},{"type":"mine","angle":90,"time":129.25},{"type":"mine","angle":270,"time":129.75},{"type":"mine","angle":292.5,"time":129.75},{"type":"mine","angle":247.5,"time":130.25},{"type":"mine","angle":270,"time":130.25},{"type":"mine","angle":45,"time":130.5},{"type":"mine","angle":67.5,"time":130.5},{"type":"mine","angle":22.5,"time":131.25},{"type":"mine","angle":45,"time":131.25},{"type":"mine","angle":337.5,"time":131.75},{"type":"mine","angle":315,"time":131.75},{"type":"mine","angle":60,"time":132.25},{"type":"mine","angle":75,"time":132.25},{"type":"block","angle":105,"time":132.5},{"type":"block","angle":135,"time":132.5},{"type":"block","angle":285,"time":133},{"type":"block","angle":255,"time":133},{"type":"mine","angle":180,"time":132.75},{"type":"mine","angle":210,"time":132.75},{"type":"block","angle":165,"time":133.5},{"type":"block","angle":135,"time":133.5},{"type":"mine","angle":195,"time":133.25},{"type":"mine","angle":225,"time":133.25},{"type":"block","angle":270,"time":134},{"type":"block","angle":300,"time":134},{"type":"mine","angle":210,"time":133.75},{"type":"mine","angle":240,"time":133.75},{"type":"block","angle":15,"time":134.5},{"type":"block","angle":45,"time":134.5},{"type":"mine","angle":330,"time":134.25},{"type":"mine","angle":345,"time":134.25},{"type":"block","angle":165,"time":135},{"type":"block","angle":135,"time":135},{"type":"mine","angle":75,"time":134.75},{"type":"mine","angle":105,"time":134.75},{"type":"block","angle":15,"time":135.5},{"type":"block","angle":345,"time":135.5},{"type":"mine","angle":75,"time":135.25},{"type":"mine","angle":45,"time":135.25},{"type":"block","angle":210,"time":136},{"type":"block","angle":240,"time":136},{"type":"mine","angle":270,"time":135.75},{"type":"mine","angle":300,"time":135.75},{"type":"block","angle":345,"time":136.75},{"type":"block","angle":15,"time":136.75},{"type":"mine","angle":285,"time":136.25},{"type":"mine","angle":315,"time":136.25},{"holdEase":"inSine","angle":270,"time":137,"angle2":0,"duration":0.75,"type":"hold"},{"type":"block","angle":330,"time":137.75},{"type":"block","angle":45,"time":138.5},{"type":"block","angle":75,"time":138.5},{"type":"block","angle":135,"time":139},{"type":"block","angle":165,"time":139},{"type":"block","angle":225,"time":139.5},{"type":"block","angle":255,"time":139.5},{"type":"block","angle":315,"time":140},{"type":"block","angle":345,"time":140},{"type":"block","angle":240,"time":140.5},{"type":"block","angle":210,"time":140.5},{"type":"block","angle":300,"time":141},{"type":"block","angle":330,"time":141},{"type":"block","angle":165,"time":141.5},{"type":"block","angle":135,"time":141.5},{"type":"mine","angle":120,"time":138.75},{"type":"mine","angle":90,"time":138.75},{"type":"mine","angle":180,"time":139.25},{"type":"mine","angle":210,"time":139.25},{"type":"mine","angle":270,"time":139.75},{"type":"mine","angle":300,"time":139.75},{"type":"mine","angle":75,"time":140.25},{"type":"mine","angle":105,"time":140.25},{"type":"mine","angle":255,"time":140.75},{"type":"mine","angle":285,"time":140.75},{"type":"mine","angle":240,"time":141.25},{"type":"mine","angle":210,"time":141.25},{"type":"block","angle":60,"time":141.75},{"type":"block","angle":165,"time":142},{"type":"block","angle":195,"time":142},{"type":"block","angle":-255,"time":142.25},{"type":"block","angle":315,"time":142.5},{"type":"block","angle":345,"time":142.5},{"type":"block","angle":60,"time":142.75},{"type":"block","angle":165,"time":143},{"type":"mine","angle":240,"time":141.75},{"type":"mine","angle":345,"time":142},{"type":"mine","angle":15,"time":142},{"type":"mine","angle":-75,"time":142.25},{"type":"mine","angle":165,"time":142.5},{"type":"mine","angle":135,"time":142.5},{"type":"mine","angle":240,"time":142.75},{"type":"mine","angle":315,"time":143},{"type":"mine","angle":345,"time":143},{"type":"block","angle":210,"time":143.25},{"type":"block","angle":270,"time":143.5},{"type":"block","angle":330,"time":143.75},{"type":"block","angle":30,"time":144},{"type":"block","angle":75,"time":144.125},{"type":"block","angle":120,"time":144.25},{"type":"block","angle":165,"time":144.375},{"type":"block","angle":210,"time":144.5},{"type":"block","angle":255,"time":144.625},{"type":"block","angle":315,"time":144.75},{"type":"block","angle":15,"time":144.875},{"speedMult":3,"type":"block","time":145,"angle":105,"tap":true},{"speedMult":3,"type":"block","time":145,"angle":75,"tap":true},{"speedMult":3,"type":"block","time":146,"angle":300,"tap":true},{"speedMult":3,"type":"block","time":146,"angle":330,"tap":true},{"angle":285,"time":147,"type":"block","tap":true},{"angle":315,"time":147,"type":"block","tap":true},{"speedMult":2,"type":"block","time":147.375,"angle":90,"tap":true},{"speedMult":2,"type":"block","time":147.375,"angle":60,"tap":true},{"speedMult":2,"type":"block","time":147.75,"angle":240,"tap":true},{"speedMult":2,"type":"block","time":147.75,"angle":210,"tap":true},{"speedMult":2,"type":"block","time":148,"angle":90,"tap":true},{"speedMult":2,"type":"block","time":148,"angle":120,"tap":true},{"speedMult":2,"type":"block","time":148.375,"angle":270,"tap":true},{"speedMult":2,"type":"block","time":148.375,"angle":240,"tap":true},{"speedMult":2,"type":"block","time":148.75,"angle":90,"tap":true},{"speedMult":2,"type":"block","time":148.75,"angle":60,"tap":true},{"speedMult":2,"type":"block","time":149,"angle":326.25,"tap":true},{"speedMult":2,"type":"block","time":149,"angle":356.25,"tap":true},{"type":"extraTap","angle":123.75,"time":145},{"holdEase":"inQuad","angle2":180,"type":"hold","time":149.5,"speedMult":1.5,"duration":0.5,"angle":360},{"holdEase":"inQuad","angle2":-180,"type":"hold","time":149.625,"speedMult":1.5,"duration":0.375,"angle":14.25},{"speedMult":1.5,"angle2":-180,"type":"hold","time":149.75,"holdEase":"inQuad","duration":0.25,"angle":56.25},{"speedMult":1.5,"angle2":-180,"type":"hold","time":149.875,"holdEase":"inQuad","duration":0.125,"angle":112.5},{"speedMult":1.5,"angle":270,"time":149.5,"angle2":270,"duration":0.5,"type":"mineHold"},{"speedMult":3,"type":"block","time":150,"angle":180,"tap":true},{"speedMult":3,"type":"block","time":150,"angle":157.5,"tap":true},{"speedMult":1.5,"angle":123.75,"time":150,"type":"extraTap"},{"holdEase":"outCirc","angle":315,"time":150.5,"angle2":348.75,"duration":0.125,"type":"hold"},{"holdEase":"outCirc","angle":348.75,"time":150.625,"angle2":326.25,"duration":0.125,"type":"hold"},{"holdEase":"outCirc","angle":326.25,"time":150.75,"angle2":360,"duration":0.125,"type":"hold"},{"angle":281.25,"time":151,"type":"side","tap":true},{"type":"side","angle":270,"time":151},{"angle":112.5,"time":151.375,"type":"side","tap":false},{"angle":101.25,"time":151.375,"type":"side","tap":true},{"type":"side","angle":337.5,"time":151.75},{"angle":348.75,"time":151.75,"type":"side","tap":true},{"type":"side","angle":101.25,"time":152},{"angle":90,"time":152,"type":"side","tap":true},{"angle":236.25,"time":152.375,"type":"side","tap":true},{"type":"side","angle":247.5,"time":152.375},{"type":"side","angle":348.75,"time":152.75},{"angle":337.5,"time":152.75,"type":"side","tap":true},{"holdEase":"outCirc","angle":360,"time":150.875,"angle2":315,"duration":0.125,"type":"hold"},{"type":"block","angle":67.5,"time":153},{"type":"block","angle":45,"time":153.75},{"type":"block","angle":360,"time":153.875},{"type":"block","angle":315,"time":154},{"type":"block","angle":258.75,"time":154.875},{"type":"block","angle":303.75,"time":154.75},{"type":"block","angle":213.75,"time":155},{"type":"block","angle":202.5,"time":155.75},{"type":"block","angle":157.5,"time":155.875},{"type":"block","angle":112.5,"time":156},{"type":"block","angle":101.25,"time":156.75},{"type":"block","angle":11.25,"time":157},{"type":"block","angle":56.25,"time":156.875},{"type":"side","angle":112.5,"time":153.375},{"type":"side","angle":360,"time":154.375},{"type":"side","angle":258.75,"time":155.375},{"type":"side","angle":157.5,"time":156.375},{"type":"block","angle":337.5,"time":157.125},{"type":"block","angle":303.75,"time":157.25},{"type":"block","angle":270,"time":157.375},{"type":"block","angle":236.25,"time":157.5},{"type":"block","angle":202.5,"time":157.625},{"type":"block","angle":168.75,"time":157.75},{"type":"block","angle":135,"time":157.875},{"type":"block","angle":101.25,"time":158},{"type":"block","angle":56.25,"time":158.125},{"type":"block","angle":11.25,"time":158.25},{"type":"block","angle":315,"time":158.375},{"type":"block","angle":258.75,"time":158.5},{"type":"block","angle":202.5,"time":158.625},{"type":"block","angle":157.5,"time":158.75},{"type":"block","angle":101.25,"time":158.875},{"type":"block","angle":45,"time":159},{"type":"block","angle":337.5,"time":159.125},{"type":"block","angle":270,"time":159.25},{"type":"block","angle":202.5,"time":159.375},{"type":"block","angle":135,"time":159.5},{"type":"block","angle":67.5,"time":159.625},{"type":"block","angle":11.25,"time":159.75},{"type":"block","angle":303.75,"time":159.875},{"type":"block","angle":348.75,"time":160},{"type":"block","angle":56.25,"time":160.125},{"type":"block","angle":123.75,"time":160.25},{"type":"block","angle":202.5,"time":160.375},{"type":"block","angle":281.25,"time":160.5},{"type":"block","angle":360,"time":160.625},{"type":"block","angle":90,"time":160.75},{"type":"block","angle":191.25,"time":160.875},{"type":"block","angle":305.39987182617,"time":161.125},{"type":"block","angle":308.23382568359,"time":161.25},{"type":"block","angle":312.56335449219,"time":161.375},{"type":"block","angle":319.14462280273,"time":161.5},{"type":"block","angle":326.49655151367,"time":161.625},{"type":"block","angle":337.71078491211,"time":161.75},{"type":"block","angle":350.25140380859,"time":161.875},{"type":"block","angle":1.6568539142609,"time":162},{"type":"block","angle":16.486864089966,"time":162.125},{"type":"block","angle":32.507522583008,"time":162.25},{"type":"block","angle":48.939769744873,"time":162.375},{"type":"block","angle":68.328117370605,"time":162.5},{"type":"block","angle":86.219429016113,"time":162.625},{"type":"block","angle":106.2388381958,"time":162.75},{"type":"block","angle":126.11933898926,"time":162.875},{"type":"block","angle":148.14486694336,"time":163},{"type":"block","angle":166.64768981934,"time":163.125},{"type":"block","angle":187.77459716797,"time":163.25},{"type":"block","angle":205.92744445801,"time":163.375},{"type":"block","angle":228.61810302734,"time":163.5},{"type":"block","angle":244.89543151855,"time":163.625},{"type":"block","angle":262.76849365234,"time":163.75},{"type":"block","angle":275.43252563477,"time":163.875},{"type":"block","angle":287.76934814453,"time":164},{"type":"block","angle":303.02386474609,"time":164.125},{"type":"block","angle":315.5100402832,"time":164.25},{"type":"block","angle":325.39431762695,"time":164.375},{"type":"block","angle":338.91625976563,"time":164.625},{"type":"block","angle":345.24127197266,"time":164.75},{"type":"block","angle":347.35287475586,"time":164.875},{"type":"block","angle":303.75,"time":161},{"type":"block","angle":333.66458129883,"time":164.5},{"type":"block","angle":339.00128173828,"time":165.125},{"type":"block","angle":325.22772216797,"time":165.25},{"type":"block","angle":312.412109375,"time":165.375},{"type":"block","angle":334.36651611328,"time":165.625},{"type":"block","angle":323.99380493164,"time":165.875},{"type":"block","angle":329.92022705078,"time":166.125},{"type":"block","angle":331.66955566406,"time":166.375},{"type":"block","angle":313.5959777832,"time":166.625},{"type":"block","angle":13.600542068481,"time":166.875},{"type":"block","angle":26.375329971313,"time":167},{"type":"block","angle":37.311553955078,"time":167.125},{"type":"block","angle":42.698570251465,"time":167.25},{"type":"block","angle":76.263732910156,"time":170.25},{"type":"block","angle":76.28409576416,"time":170.75},{"type":"block","angle":105.67584228516,"time":172.25},{"angle":88.798164367676,"time":172.5,"type":"block","tap":true},{"type":"block","angle":58.877529144287,"time":172.75},{"type":"block","angle":27.299571990967,"time":172.875},{"type":"block","angle":75.650665283203,"time":172.625},{"type":"block","angle":99.395469665527,"time":172.375},{"type":"block","angle":110.63481903076,"time":172.125},{"type":"block","angle":135,"time":171},{"type":"block","angle":91.79793548584,"time":170.875},{"type":"block","angle":69.863693237305,"time":170.625},{"type":"block","angle":66.801406860352,"time":170.5},{"type":"block","angle":67.27027130127,"time":170.375},{"type":"block","angle":90.427574157715,"time":170.125},{"type":"block","angle":0,"time":166.75},{"type":"block","angle":281.12411499023,"time":166.5},{"type":"block","angle":11.013833045959,"time":166.25},{"type":"block","angle":292.0510559082,"time":166},{"type":"block","angle":0,"time":165.75},{"type":"block","angle":303.79406738281,"time":165.5},{"type":"block","angle":349.27114868164,"time":165},{"type":"block","angle":112.20807647705,"time":172},{"angle":330,"time":173,"type":"block","tap":true},{"angle":165,"time":177.5,"type":"block","tap":true},{"angle":135,"time":177.625,"type":"block","tap":true},{"angle":180,"time":177.75,"type":"block","tap":true},{"angle":-120,"time":178.25,"type":"block","tap":true},{"angle":-105,"time":178.375,"type":"block","tap":true},{"angle":210.2879486084,"time":178.5,"type":"block","tap":true},{"type":"block","angle":195,"time":178},{"angle":151.82220458984,"time":177.875,"type":"block","tap":true},{"angle":218.81706237793,"time":178.125,"type":"block","tap":true},{"type":"block","angle":177.32264709473,"time":178.625},{"angle":118.91710662842,"time":178.75,"type":"side","tap":true},{"angle":106.28491973877,"time":178.75,"type":"side","tap":true},{"angle":170.63348388672,"time":179,"type":"inverse","tap":true},{"angle":-146.14289855957,"time":179.125,"type":"inverse","tap":true},{"angle":175.53717041016,"time":179.25,"type":"inverse","tap":true},{"angle":-132.93449401855,"time":179.375,"type":"inverse","tap":true},{"angle":78.814109802246,"time":179.625,"type":"inverse","tap":true},{"angle":41.071914672852,"time":179.75,"type":"inverse","tap":true},{"type":"block","angle":30.614633560181,"time":173.125},{"angle":60.41223526001,"time":173.25,"type":"block","tap":true},{"type":"block","angle":124.58089447021,"time":173.375},{"angle":149.92269897461,"time":173.5,"type":"block","tap":true},{"type":"block","angle":161.80328369141,"time":173.625},{"angle":197.65013122559,"time":173.75,"type":"block","tap":true},{"angle":255.47160339355,"time":173.875,"type":"block","tap":true},{"type":"block","angle":309.74359130859,"time":174},{"angle":297.91690063477,"time":174.125,"type":"block","tap":true},{"angle":260.64703369141,"time":174.5,"type":"block","tap":true},{"angle":232.5,"time":174.625,"type":"block","tap":true},{"type":"block","angle":113.77891540527,"time":174.875},{"angle":77.135765075684,"time":175,"type":"block","tap":true},{"type":"block","angle":41.338066101074,"time":175.125},{"angle":10.226858139038,"time":175.25,"type":"block","tap":true},{"angle":352.40536499023,"time":175.375,"type":"block","tap":true},{"angle":304.34936523438,"time":175.625,"type":"block","tap":true},{"type":"block","angle":314.2194519043,"time":175.875},{"angle":324.53909301758,"time":176.125,"type":"block","tap":true},{"type":"block","angle":350.3063659668,"time":176.625},{"angle":33.366367340088,"time":176.75,"type":"block","tap":true},{"angle":65.131362915039,"time":176.875,"type":"block","tap":true},{"angle":141.28366088867,"time":177.375,"type":"block","tap":true},{"angle":74.945686340332,"time":177.25,"type":"block","tap":true},{"angle":60,"time":177.125,"type":"block","tap":true},{"type":"block","angle":90,"time":177},{"angle":300,"time":176.5,"type":"block","tap":true},{"angle":315,"time":176.375,"type":"block","tap":true},{"angle":285,"time":176.25,"type":"block","tap":true},{"angle":360,"time":176,"type":"block","tap":true},{"angle":270,"time":175.75,"type":"block","tap":true},{"type":"block","angle":345,"time":175.5},{"angle":315,"time":174.375,"type":"block","tap":true},{"angle":255,"time":174.25,"type":"block","tap":true},{"type":"block","angle":330,"time":174},{"angle":165,"time":174.75,"type":"block","tap":true},{"type":"inverse","angle":45.26403427124,"time":167.375},{"type":"inverse","angle":44.06844329834,"time":167.5},{"type":"inverse","angle":40.667686462402,"time":167.625},{"type":"inverse","angle":35.69962310791,"time":167.75},{"type":"inverse","angle":29.972890853882,"time":167.875},{"type":"inverse","angle":24.523477554321,"time":168},{"type":"inverse","angle":16.576921463013,"time":168.125},{"type":"inverse","angle":9.1470804214478,"time":168.25},{"type":"inverse","angle":356.68542480469,"time":168.375},{"type":"inverse","angle":342.57012939453,"time":168.5},{"type":"inverse","angle":331.13726806641,"time":168.625},{"type":"inverse","angle":316.16384887695,"time":168.75},{"type":"inverse","angle":301.53820800781,"time":168.875},{"type":"inverse","angle":284.71829223633,"time":169},{"type":"inverse","angle":266.55072021484,"time":169.125},{"type":"inverse","angle":248.91960144043,"time":169.25},{"type":"inverse","angle":230.17408752441,"time":169.375},{"type":"inverse","angle":208.74578857422,"time":169.5},{"type":"inverse","angle":192.12231445313,"time":169.625},{"type":"inverse","angle":173.47491455078,"time":169.75},{"type":"inverse","angle":152.39910888672,"time":169.875},{"type":"inverse","angle":135,"time":170},{"type":"inverse","angle":77.556663513184,"time":171.125},{"type":"inverse","angle":56.782325744629,"time":171.25},{"type":"inverse","angle":48.116176605225,"time":171.375},{"type":"inverse","angle":45.299976348877,"time":171.5},{"type":"inverse","angle":48.94518661499,"time":171.625},{"type":"inverse","angle":53.471145629883,"time":171.75},{"type":"inverse","angle":65.323135375977,"time":171.875},{"type":"side","angle":112.5,"time":179.5},{"angle":180,"time":180,"type":"block","tap":true},{"angle":157.5,"time":180,"type":"block","tap":true},{"angle":135,"time":180,"type":"block","tap":true},{"holdEase":"inOutBack","angle":360,"time":180.25,"angle2":315,"duration":0.125,"type":"hold"},{"holdEase":"inOutBack","angle":405,"time":180.5,"angle2":360,"duration":0.125,"type":"hold"},{"angle":281.25,"time":180.75,"type":"side","tap":true},{"angle":270,"time":180.75,"type":"side","tap":true},{"angle":33.75,"time":180.875,"type":"side","tap":true},{"angle":45,"time":180.875,"type":"side","tap":true},{"type":"block","angle":151.67501831055,"time":181.125},{"type":"block","angle":136.88818359375,"time":181.375},{"angle":292.74157714844,"time":181.25,"type":"block","tap":true},{"angle":112.35969543457,"time":181,"type":"block","tap":true},{"speedMult":27,"angle":67.5,"time":181.5,"angle2":67.5,"duration":0.125,"type":"hold"},{"speedMult":27,"angle":348.75,"time":181.75,"angle2":348.75,"duration":0.125,"type":"hold"},{"angle":67.5,"time":181.5,"type":"block","tap":true},{"angle":67.5,"time":181.625,"type":"block","tap":true},{"angle":348.75,"time":181.75,"type":"block","tap":true},{"angle":348.75,"time":181.875,"type":"block","tap":true},{"angle":67.5,"time":182,"type":"block","tap":true},{"angle":146.25,"time":182.125,"type":"block","tap":true},{"angle":225,"time":182.25,"type":"block","tap":true},{"angle":360,"time":182.375,"type":"side","tap":true},{"type":"block","angle":45,"time":182.5},{"holdEase":"inOutBack","angle":-225,"time":182.625,"angle2":-180,"duration":0.125,"type":"hold"},{"holdEase":"inOutBack","angle":-270,"time":182.875,"angle2":-225,"duration":0.125,"type":"hold"},{"holdEase":"inOutBack","angle":-495,"time":183.125,"angle2":-450,"duration":0.125,"type":"hold"},{"holdEase":"inOutBack","angle":-540,"time":183.375,"angle2":-495,"duration":0.125,"type":"hold"},{"type":"block","angle":221.08842468262,"time":183.625},{"type":"block","angle":214.54008483887,"time":183.75},{"type":"block","angle":203.38522338867,"time":183.875},{"type":"block","angle":196.43241882324,"time":184},{"type":"block","angle":193.51432800293,"time":184.125},{"type":"block","angle":198.57572937012,"time":184.25},{"type":"block","angle":212.58387756348,"time":184.375},{"type":"block","angle":241.0599822998,"time":184.5},{"type":"block","angle":281.74563598633,"time":184.625},{"type":"block","angle":347.26718139648,"time":184.75},{"type":"block","angle":180,"time":186.875},{"type":"block","angle":0,"time":189.875},{"type":"block","angle":180,"time":204.625},{"holdEase":"outBack","angle":180,"angle2":540,"type":"hold","duration":1.0625,"time":184.9375},{"type":"block","angle":157.5,"time":186},{"type":"block","angle":135,"time":186.125},{"type":"block","angle":112.5,"time":186.25},{"type":"block","angle":90,"time":186.375},{"type":"block","angle":67.5,"time":186.5},{"angle":45,"time":186.5,"type":"hold","duration":0.375,"angle2":-157.5},{"type":"block","angle":270,"time":187.125},{"type":"block","angle":22.5,"time":187.375},{"angle":292.5,"time":187.125,"type":"hold","duration":0.25,"angle2":360},{"type":"side","angle":202.5,"time":187.75},{"type":"side","angle":225,"time":187.75},{"type":"block","angle":135,"time":188.125},{"type":"block","angle":112.5,"time":188.125},{"type":"block","angle":67.5,"time":188.375},{"type":"block","angle":45,"time":188.375},{"type":"block","angle":135,"time":188.625},{"type":"block","angle":157.5,"time":188.625},{"type":"block","angle":22.5,"time":188.875},{"type":"block","angle":45,"time":188.875},{"type":"block","angle":90,"time":189.125},{"type":"block","angle":112.5,"time":189.25},{"type":"block","angle":135,"time":189.375},{"angle":157.5,"time":189.5,"type":"hold","duration":0.375,"angle2":22.5},{"type":"inverse","angle":202.5,"time":190.25},{"type":"inverse","angle":90,"time":191},{"type":"inverse","angle":168.75,"time":190.625},{"type":"inverse","angle":33.75,"time":191.125},{"angle":180,"time":189.875,"type":"mineHold","duration":1.5,"angle2":-146.25},{"holdEase":"inOutBack","angle":360,"time":191.375,"angle2":67.5,"duration":2.25,"type":"hold"},{"type":"block","angle":90,"time":193.75},{"type":"block","angle":112.5,"time":193.875},{"type":"block","angle":135,"time":194},{"speedMult":27,"time":185,"type":"mineHold","holdEase":"outCirc","angle":0,"angle2":348.75,"tickRate":0,"duration":0.625},{"speedMult":27,"time":185,"type":"mineHold","holdEase":"outCirc","angle":0,"angle2":371.25,"tickRate":0,"duration":0.625},{"speedMult":27,"time":185,"type":"mineHold","holdEase":"outCirc","angle":0,"angle2":393.75,"tickRate":0,"duration":0.625},{"speedMult":27,"time":185.625,"type":"mineHold","tickRate":0,"angle":348.75,"angle2":360,"holdEase":"inCirc","duration":0.375},{"speedMult":27,"time":185.625,"type":"mineHold","tickRate":0,"angle":11.25,"angle2":0,"holdEase":"inCirc","duration":0.375},{"speedMult":27,"time":185.625,"type":"mineHold","holdEase":"inCirc","angle":33.75,"angle2":0,"tickRate":0,"duration":0.375},{"angle":247.5,"time":187.375,"type":"mineHold","duration":0.625,"angle2":438.75},{"angle":112.5,"time":179.875,"type":"block","tap":true},{"speedMult":99,"angle2":-35,"type":"hold","time":173,"holdEase":"outQuad","duration":0.5,"angle":-213.75},{"speedMult":99,"angle2":-640,"type":"hold","time":173.25,"holdEase":"outQuad","duration":0.625,"angle":-483.75},{"speedMult":99,"angle2":67.5,"type":"hold","time":173.75,"holdEase":"outQuad","duration":0.5,"angle":22.5},{"speedMult":99,"angle2":135,"type":"hold","time":174.125,"holdEase":"outQuad","duration":0.25,"angle":112.5},{"speedMult":99,"angle2":78.75,"type":"hold","time":174.25,"holdEase":"outQuad","duration":0.25,"angle":67.5},{"speedMult":99,"angle2":-731.25,"type":"hold","time":174.375,"holdEase":"outQuad","duration":0.375,"angle":-585},{"speedMult":99,"angle2":33.75,"type":"hold","time":174.5,"holdEase":"outQuad","duration":0.125,"angle":78.75},{"speedMult":99,"angle2":-101.25,"type":"hold","time":174.75,"holdEase":"outQuad","duration":0.25,"angle":-11.25},{"speedMult":99,"angle2":-551.25,"type":"hold","time":175.25,"holdEase":"outQuad","duration":0.125,"angle":-528.75},{"speedMult":99,"angle2":-596.25,"type":"hold","time":175.375,"holdEase":"outQuad","duration":0.25,"angle":-540},{"speedMult":99,"angle2":-630,"type":"hold","time":175.625,"holdEase":"outQuad","duration":0.125,"angle":-607.5},{"speedMult":99,"angle2":180,"type":"hold","time":175.75,"holdEase":"outQuad","duration":0.25,"angle":90},{"speedMult":99,"angle2":-573.75,"type":"hold","time":176,"holdEase":"outQuad","duration":0.125,"angle":-540},{"speedMult":99,"angle2":258.75,"type":"hold","time":176.75,"holdEase":"outQuad","duration":0.125,"angle":213.75},{"speedMult":99,"angle2":-123.75,"type":"hold","time":176.875,"holdEase":"outQuad","duration":0.25,"angle":-101.25},{"speedMult":99,"angle2":-101.25,"type":"hold","time":177.125,"holdEase":"outQuad","duration":0.125,"angle":-123.75},{"speedMult":99,"angle2":-382.5,"type":"hold","time":177.375,"holdEase":"outQuad","duration":0.125,"angle":-393.75},{"speedMult":99,"angle2":-405,"type":"hold","time":177.5,"holdEase":"outQuad","duration":0.125,"angle":-382.5},{"speedMult":99,"angle2":-360,"type":"hold","time":177.625,"holdEase":"outQuad","duration":0.125,"angle":-405},{"speedMult":99,"angle2":-22.5,"type":"hold","time":177.75,"holdEase":"outQuad","duration":0.125,"angle":0},{"speedMult":99,"angle2":-315,"type":"hold","time":177.875,"holdEase":"outQuad","duration":0.25,"angle":-382.5},{"speedMult":99,"angle2":67.5,"type":"hold","time":178.125,"holdEase":"outQuad","duration":0.25,"angle":45},{"speedMult":99,"angle2":33.75,"type":"hold","time":178.25,"holdEase":"outQuad","duration":0.25,"angle":56.25},{"holdEase":"outQuad","angle2":123.75,"type":"mineHold","time":176.5,"speedMult":99,"duration":0.25,"angle":146.25},{"speedMult":99,"angle2":191.25,"type":"mineHold","time":176.375,"holdEase":"outQuad","duration":0.375,"angle":157.5},{"holdEase":"outQuad","angle2":78.75,"type":"mineHold","time":176.25,"speedMult":99,"duration":0.375,"angle":123.75},{"holdEase":"inSine","angle":247.5,"time":193.25,"angle2":450,"duration":1,"type":"mineHold"},{"holdEase":"inOutSine","angle":281.25,"time":194.25,"angle2":720,"duration":1.5,"type":"hold"},{"type":"block","angle":22.5,"time":195.75},{"type":"block","angle":78.75,"time":196},{"type":"block","angle":101.25,"time":196},{"type":"block","angle":337.5,"time":196.25},{"type":"block","angle":303.75,"time":196.375},{"type":"block","angle":281.25,"time":196.375},{"type":"block","angle":78.75,"time":196.625},{"type":"block","angle":56.25,"time":196.625},{"type":"block","angle":247.5,"time":196.875},{"angle":225,"time":196.875,"type":"hold","duration":0.5,"angle2":45},{"type":"block","angle":33.75,"time":197.375},{"angle":22.5,"time":197.375,"type":"hold","duration":0.5,"angle2":-202.5},{"type":"block","angle":90,"time":198},{"type":"block","angle":135,"time":198.125},{"type":"block","angle":67.5,"time":198.25},{"type":"block","angle":112.5,"time":198.375},{"type":"block","angle":22.5,"time":198.5},{"type":"block","angle":67.5,"time":198.625},{"holdEase":"inQuad","angle":360,"time":198.75,"angle2":180,"duration":0.5,"type":"hold"},{"holdEase":"inQuad","angle":180,"time":199.625,"angle2":-11.25,"duration":0.375,"type":"hold"},{"holdEase":"inQuad","angle":348.75,"time":200.375,"angle2":146.25,"duration":0.375,"type":"hold"},{"holdEase":"inCirc","angle":146.25,"time":201.125,"angle2":-45,"duration":0.375,"type":"hold"},{"type":"block","angle":123.75,"time":200.75},{"type":"block","angle":101.25,"time":200.75},{"type":"block","angle":168.75,"time":201.125},{"type":"block","angle":191.25,"time":201.125},{"type":"block","angle":11.25,"time":200.375},{"type":"block","angle":33.75,"time":200.375},{"type":"block","angle":326.25,"time":200},{"type":"block","angle":303.75,"time":200},{"type":"block","angle":157.5,"time":199.25},{"type":"block","angle":202.5,"time":199.625},{"holdEase":"outCirc","angle":270,"time":201.5,"angle2":-33.75,"duration":1.25,"type":"hold"},{"holdEase":"linear","angle":326.25,"time":202.75,"angle2":360,"duration":0.125,"type":"hold"},{"angle":0,"time":202.875,"type":"hold","duration":0.125,"angle2":-11.25},{"holdEase":"outQuad","angle":348.75,"time":203,"angle2":213.75,"duration":0.5,"type":"hold"},{"type":"block","angle":146.25,"time":203.625},{"holdEase":"outCubic","angle":90,"time":203.75,"angle2":270,"duration":0.5,"type":"hold"},{"type":"block","angle":292.5,"time":204.375},{"angle":67.5,"time":204.875,"type":"hold","duration":0.375,"angle2":236.25},{"angle":236.25,"time":205.25,"type":"hold","duration":0.375,"angle2":225},{"type":"block","angle":157.5,"time":205.75},{"type":"block","angle":78.75,"time":205.875},{"holdEase":"inCirc","angle":0,"time":206,"angle2":-135,"duration":0.25,"type":"hold"},{"holdEase":"outCirc","angle":225,"time":206.25,"angle2":90,"duration":0.25,"type":"hold"},{"holdEase":"inCirc","angle":90,"time":206.5,"angle2":-45,"duration":0.25,"type":"hold"},{"holdEase":"outCirc","angle":315,"time":206.75,"angle2":180,"duration":0.25,"type":"hold"},{"holdEase":"outCirc","angle":292.5,"time":206.125,"angle2":157.5,"duration":0.25,"type":"hold"},{"holdEase":"inCirc","angle":157.5,"time":206.375,"angle2":22.5,"duration":0.25,"type":"hold"},{"holdEase":"outCirc","angle":22.5,"time":206.625,"angle2":-112.5,"duration":0.25,"type":"hold"},{"holdEase":"inCirc","angle":247.5,"time":206.875,"angle2":180,"duration":0.125,"type":"hold"},{"holdEase":"inCirc","angle":-180,"time":207,"angle2":-45,"duration":0.25,"type":"hold"},{"holdEase":"outCirc","angle":180,"time":207,"angle2":247.5,"duration":0.125,"type":"hold"},{"holdEase":"inCirc","angle":247.5,"time":207.125,"angle2":382.5,"duration":0.25,"type":"hold"},{"holdEase":"outCirc","angle":315,"time":207.25,"angle2":450,"duration":0.25,"type":"hold"},{"holdEase":"outCirc","angle":382.5,"time":207.375,"angle2":517.5,"duration":0.25,"type":"hold"},{"holdEase":"inCirc","angle":450,"time":207.5,"angle2":585,"duration":0.25,"type":"hold"},{"holdEase":"inCirc","angle":157.5,"time":207.625,"angle2":292.5,"duration":0.25,"type":"hold"},{"holdEase":"outCirc","angle":225,"time":207.75,"angle2":360,"duration":0.25,"type":"hold"},{"holdEase":"outCirc","angle":292.5,"time":207.875,"angle2":427.5,"duration":0.25,"type":"hold"},{"holdEase":"inCirc","angle":360,"time":208,"angle2":495,"duration":0.25,"type":"hold"},{"holdEase":"inCirc","angle":67.5,"time":208.125,"angle2":202.5,"duration":0.25,"type":"hold"},{"holdEase":"outCirc","angle":135,"time":208.25,"angle2":270,"duration":0.25,"type":"hold"},{"holdEase":"outCirc","angle":202.5,"time":208.375,"angle2":337.5,"duration":0.25,"type":"hold"},{"holdEase":"inCirc","angle":270,"time":208.5,"angle2":405,"duration":0.25,"type":"hold"},{"holdEase":"inCirc","angle":-22.5,"time":208.625,"angle2":135,"duration":0.25,"type":"hold"},{"holdEase":"outCirc","angle":45,"time":208.75,"angle2":180,"duration":0.25,"type":"hold"},{"type":"block","angle":292.5,"time":201.5},{"angle":315,"time":180.375,"type":"block","tap":true},{"angle":0,"time":180.625,"type":"block","tap":true},{"angle":0,"time":180.25,"type":"block","tap":true},{"angle":45,"time":180.5,"type":"block","tap":true},{"type":"block","angle":67.5,"time":184.875},{"type":"block","angle":67.5,"time":184.875},{"angle":213.75,"time":225,"type":"block","tap":true},{"holdEase":"inOutSine","angle":-180,"time":209,"angle2":-360,"duration":4,"type":"hold"},{"type":"side","angle":101.25,"time":214},{"angle":180,"time":217,"type":"block","tap":true},{"angle":180,"time":217.5,"type":"block","tap":true},{"type":"block","angle":202.5,"time":224.125},{"type":"block","angle":202.5,"time":224.25},{"type":"block","angle":202.5,"time":224.375},{"type":"block","angle":213.75,"time":224.5},{"type":"block","angle":213.75,"time":224.625},{"type":"block","angle":213.75,"time":224.75},{"type":"block","angle":213.75,"time":224.875},{"type":"extraTap","angle":56.25,"time":48},{"type":"extraTap","angle":56.25,"time":46},{"type":"extraTap","angle":56.25,"time":44},{"type":"extraTap","angle":56.25,"time":42},{"type":"extraTap","angle":348.75,"time":26},{"type":"extraTap","angle":258.75,"time":28},{"type":"extraTap","angle":180,"time":30},{"type":"extraTap","angle":180,"time":32},{"type":"extraTap","angle":180,"time":34},{"type":"extraTap","angle":180,"time":38},{"type":"extraTap","angle":180,"time":40},{"type":"extraTap","angle":180,"time":36},{"type":"block","angle":101.25,"time":337},{"type":"mine","angle":180,"time":217.125},{"speedMult":9,"holdEase":"inElastic","type":"mineHold","angle2":0,"time":217.625,"duration":6.375,"angle":180},{"angle":281.25,"time":214,"type":"mineHold","duration":2.75,"angle2":180},{"type":"side","angle":202.5,"time":224},{"type":"block","angle":180,"time":225.25},{"type":"block","angle":146.25,"time":225.5},{"type":"block","angle":112.5,"time":225.75},{"angle":78.75,"time":226,"type":"block","tap":true},{"type":"block","angle":123.75,"time":226.25},{"type":"block","angle":67.5,"time":226.5},{"type":"block","angle":123.75,"time":226.75},{"angle":78.75,"time":227,"type":"block","tap":true},{"type":"block","angle":33.75,"time":227.25},{"type":"block","angle":348.75,"time":227.5},{"type":"block","angle":303.75,"time":227.75},{"angle":0,"time":228,"type":"block","tap":true},{"type":"block","angle":303.75,"time":228.25},{"angle":258.75,"time":228.5,"type":"block","tap":true},{"type":"block","angle":213.75,"time":228.75},{"type":"block","angle":168.75,"time":229},{"type":"block","angle":123.75,"time":229.25},{"angle":67.5,"time":229.5,"type":"block","tap":true},{"type":"block","angle":112.5,"time":229.75},{"type":"block","angle":157.5,"time":230},{"type":"block","angle":202.5,"time":230.25},{"angle":247.5,"time":230.5,"type":"block","tap":true},{"type":"block","angle":303.75,"time":230.75},{"type":"block","angle":258.75,"time":231},{"type":"block","angle":213.75,"time":231.25},{"angle":168.75,"time":231.5,"type":"block","tap":true},{"type":"block","angle":112.5,"time":231.75},{"angle":168.75,"time":232,"type":"block","tap":true},{"type":"block","angle":123.75,"time":232.25},{"type":"block","angle":78.75,"time":232.5},{"type":"block","angle":33.75,"time":232.75},{"angle":337.5,"time":233,"type":"block","tap":true},{"type":"block","angle":22.5,"time":233.25},{"type":"block","angle":67.5,"time":233.5},{"type":"block","angle":112.5,"time":233.75},{"angle":157.5,"time":234,"type":"block","tap":true},{"type":"block","angle":202.5,"time":234.25},{"type":"block","angle":247.5,"time":234.5},{"type":"block","angle":292.5,"time":234.75},{"angle":348.75,"time":235,"type":"block","tap":true},{"type":"block","angle":292.5,"time":235.25},{"angle":337.5,"time":235.5,"type":"block","tap":true},{"type":"block","angle":33.75,"time":235.75},{"type":"block","angle":78.75,"time":236},{"type":"block","angle":123.75,"time":236.25},{"angle":168.75,"time":236.5,"type":"block","tap":true},{"type":"block","angle":213.75,"time":236.75},{"type":"block","angle":258.75,"time":237},{"type":"block","angle":303.75,"time":237.25},{"angle":360,"time":237.5,"type":"block","tap":true},{"type":"block","angle":303.75,"time":237.75},{"type":"block","angle":360,"time":238},{"type":"block","angle":315,"time":238.25},{"angle":270,"time":238.5,"type":"block","tap":true},{"type":"block","angle":225,"time":238.75},{"angle":146.25,"time":239,"type":"side","tap":true},{"type":"side","angle":67.5,"time":239.25},{"type":"side","angle":0,"time":239.5},{"type":"side","angle":292.5,"time":239.75},{"angle":247.5,"time":240,"type":"block","tap":true},{"type":"block","angle":191.25,"time":240.25},{"type":"block","angle":236.25,"time":240.5},{"type":"block","angle":281.25,"time":240.75},{"angle":326.25,"time":241,"type":"block","tap":true},{"type":"block","angle":11.25,"time":241.25},{"type":"block","angle":56.25,"time":241.5},{"type":"block","angle":101.25,"time":241.75},{"angle":146.25,"time":242,"type":"block","tap":true},{"type":"block","angle":202.5,"time":242.25},{"angle":157.5,"time":242.5,"type":"block","tap":true},{"type":"block","angle":112.5,"time":242.75},{"type":"block","angle":67.5,"time":243},{"type":"block","angle":22.5,"time":243.25},{"angle":337.5,"time":243.5,"type":"block","tap":true},{"type":"block","angle":292.5,"time":243.75},{"type":"block","angle":247.5,"time":244},{"type":"block","angle":191.25,"time":244.25},{"angle":236.25,"time":244.5,"type":"block","tap":true},{"type":"block","angle":281.25,"time":244.75},{"type":"block","angle":326.25,"time":245},{"type":"block","angle":11.25,"time":245.25},{"angle":56.25,"time":245.5,"type":"block","tap":true},{"type":"block","angle":135,"time":245.75},{"angle":236.25,"time":246,"type":"side","tap":true},{"type":"block","angle":360,"time":246.5},{"type":"side","angle":315,"time":246.25},{"type":"side","angle":78.75,"time":246.75},{"angle":157.5,"time":247,"type":"side","tap":true},{"type":"side","angle":123.75,"time":247.75},{"type":"side","angle":247.5,"time":247.25},{"type":"block","angle":202.5,"time":247.5},{"angle":45,"time":248,"type":"side","tap":true},{"type":"side","angle":326.25,"time":248.25},{"type":"block","angle":281.25,"time":248.5},{"type":"block","angle":225,"time":248.75},{"angle":270,"time":249,"type":"block","tap":true},{"type":"block","angle":326.25,"time":249.25},{"angle":11.25,"time":249.5,"type":"block","tap":true},{"type":"block","angle":11.25,"time":249.625},{"type":"block","angle":45,"time":249.75},{"type":"block","angle":45,"time":249.875},{"type":"block","angle":78.75,"time":250},{"type":"block","angle":112.5,"time":250.25},{"angle":157.5,"time":250.5,"type":"block","tap":true},{"type":"block","angle":191.25,"time":250.75},{"type":"block","angle":225,"time":251},{"type":"block","angle":258.75,"time":251.25},{"angle":213.75,"time":251.5,"type":"block","tap":true},{"type":"block","angle":78.75,"time":250.125},{"type":"block","angle":157.5,"time":250.625},{"type":"block","angle":191.25,"time":250.875},{"type":"block","angle":225,"time":251.125},{"type":"block","angle":213.75,"time":251.625},{"type":"block","angle":180,"time":251.75},{"type":"block","angle":180,"time":251.875},{"angle":146.25,"time":252,"type":"block","tap":true},{"type":"block","angle":146.25,"time":252.125},{"type":"block","angle":112.5,"time":252.25},{"type":"block","angle":112.5,"time":252.375},{"angle":78.75,"time":252.5,"type":"block","tap":true},{"type":"block","angle":78.75,"time":252.625},{"type":"block","angle":33.75,"time":252.75},{"type":"block","angle":326.25,"time":253},{"type":"block","angle":258.75,"time":253.25},{"type":"block","angle":191.25,"time":253.5},{"type":"block","angle":101.25,"time":253.75},{"angle":168.75,"time":254,"type":"block","tap":true},{"type":"block","angle":236.25,"time":254.25},{"type":"block","angle":303.75,"time":254.5},{"type":"block","angle":33.75,"time":254.75},{"angle":303.75,"time":255,"type":"block","tap":true},{"type":"block","angle":11.25,"time":255.25},{"type":"block","angle":78.75,"time":255.5},{"type":"block","angle":146.25,"time":255.75},{"angle":213.75,"time":256,"type":"block","tap":true},{"type":"block","angle":281.25,"time":256.25},{"angle":11.25,"time":256.5,"type":"block","tap":true},{"type":"block","angle":303.75,"time":256.75},{"type":"block","angle":236.25,"time":257},{"type":"block","angle":146.25,"time":257.25},{"angle":213.75,"time":257.5,"type":"block","tap":true},{"type":"block","angle":303.75,"time":257.75},{"type":"block","angle":236.25,"time":258},{"type":"block","angle":168.75,"time":258.25},{"angle":101.25,"time":258.5,"type":"block","tap":true},{"type":"block","angle":33.75,"time":258.75},{"type":"block","angle":326.25,"time":259},{"type":"block","angle":258.75,"time":259.25},{"angle":191.25,"time":259.5,"type":"block","tap":true},{"speedMult":0.75,"angle":213.75,"time":217,"type":"extraTap"},{"speedMult":0.75,"angle":213.75,"time":217.5,"type":"extraTap"},{"angle":33.75,"time":260,"type":"block","tap":true},{"type":"block","angle":123.75,"time":259.75},{"type":"block","angle":101.25,"time":260.25},{"type":"block","angle":168.75,"time":260.5},{"type":"block","angle":236.25,"time":260.75},{"angle":303.75,"time":261,"type":"block","tap":true},{"type":"block","angle":22.5,"time":261.25},{"type":"block","angle":123.75,"time":261.5},{"type":"block","angle":56.25,"time":261.75},{"angle":348.75,"time":262,"type":"block","tap":true},{"type":"block","angle":258.75,"time":262.25},{"type":"block","angle":348.75,"time":262.5},{"type":"block","angle":258.75,"time":262.75},{"angle":326.25,"time":263,"type":"block","tap":true},{"type":"block","angle":33.75,"time":263.25},{"angle":101.25,"time":263.5,"type":"block","tap":true},{"type":"block","angle":168.75,"time":263.75},{"type":"block","angle":236.25,"time":264},{"type":"block","angle":326.25,"time":264.25},{"angle":258.75,"time":264.5,"type":"block","tap":true},{"type":"block","angle":191.25,"time":264.75},{"type":"block","angle":123.75,"time":265},{"type":"block","angle":56.25,"time":265.25},{"angle":326.25,"time":265.5,"type":"block","tap":true},{"type":"block","angle":33.75,"time":265.75},{"angle":101.25,"time":266,"type":"block","tap":true},{"type":"block","angle":168.75,"time":266.25},{"angle":236.25,"time":266.5,"type":"block","tap":true},{"type":"block","angle":303.75,"time":266.75},{"angle":45,"time":267,"type":"side","tap":true},{"type":"side","angle":146.25,"time":267.25},{"type":"side","angle":247.5,"time":267.5},{"type":"side","angle":348.75,"time":267.75},{"angle":90,"time":268,"type":"side","tap":true},{"type":"side","angle":191.25,"time":268.25},{"type":"block","angle":281.25,"time":268.5},{"type":"block","angle":191.25,"time":268.75},{"angle":281.25,"time":269,"type":"block","tap":true},{"type":"block","angle":213.75,"time":269.25},{"type":"block","angle":146.25,"time":269.5},{"type":"block","angle":78.75,"time":269.75},{"angle":11.25,"time":270,"type":"block","tap":true},{"type":"block","angle":303.75,"time":270.25},{"angle":236.25,"time":270.5,"type":"block","tap":true},{"type":"block","angle":168.75,"time":270.75},{"type":"block","angle":101.25,"time":271},{"type":"block","angle":33.75,"time":271.25},{"type":"side","angle":123.75,"time":272.25},{"type":"side","angle":180,"time":271.75},{"type":"block","angle":270,"time":272},{"type":"side","angle":56.25,"time":272.5},{"type":"block","angle":0,"time":272.75},{"type":"side","angle":337.5,"time":273.25},{"type":"block","angle":270,"time":273},{"angle":326.25,"time":271.5,"type":"block","tap":true},{"type":"side","angle":157.5,"time":273.75},{"type":"block","angle":56.25,"time":273.5},{"type":"inverse","angle":45,"time":274},{"type":"inverse","angle":348.75,"time":274.25},{"type":"inverse","angle":236.25,"time":274.75},{"type":"side","angle":112.5,"time":275},{"type":"block","angle":348.75,"time":275.5},{"type":"block","angle":45,"time":275.75},{"type":"block","angle":101.25,"time":276},{"type":"block","angle":270,"time":276.75},{"type":"side","angle":22.5,"time":277},{"type":"block","angle":90,"time":277.75},{"type":"block","angle":45,"time":278},{"type":"block","angle":0,"time":278.25},{"type":"block","angle":22.5,"time":279},{"type":"side","angle":292.5,"time":278.75},{"type":"side","angle":78.75,"time":278.5},{"type":"side","angle":67.5,"time":278.5},{"type":"side","angle":303.75,"time":278.75},{"type":"side","angle":11.25,"time":277},{"type":"block","angle":292.5,"time":274.5},{"type":"inverse","angle":56.25,"time":275.25},{"type":"inverse","angle":157.5,"time":276.25},{"type":"inverse","angle":213.75,"time":276.5},{"type":"inverse","angle":135,"time":277.5},{"type":"inverse","angle":78.75,"time":277.25},{"type":"block","angle":78.75,"time":279.25},{"type":"block","angle":135,"time":279.5},{"type":"block","angle":191.25,"time":279.75},{"type":"block","angle":247.5,"time":280},{"type":"block","angle":258.75,"time":280.125},{"type":"block","angle":315,"time":280.25},{"type":"block","angle":326.25,"time":280.375},{"type":"block","angle":33.75,"time":280.5},{"type":"block","angle":22.5,"time":280.625},{"type":"block","angle":67.5,"time":280.75},{"type":"block","angle":78.75,"time":280.875},{"type":"block","angle":22.5,"time":281},{"type":"block","angle":11.25,"time":281.125},{"angle":303.75,"time":281.25,"type":"mineHold","duration":0,"angle2":348.75},{"type":"block","angle":157.5,"time":282},{"angle":247.5,"type":"block","time":281.75},{"type":"block","angle":67.5,"time":283},{"type":"side","angle":202.5,"time":282.25},{"angle":292.5,"type":"side","time":285},{"type":"block","angle":157.5,"time":284.25},{"type":"block","angle":90,"time":284.75},{"type":"block","angle":315,"time":285.25},{"angle":225,"type":"block","time":283.75},{"angle":112.5,"type":"block","time":284},{"angle":45,"type":"block","time":284.5},{"angle":247.5,"type":"side","time":283.25},{"angle":337.5,"type":"block","time":283.5},{"type":"block","angle":67.5,"time":285.5},{"type":"block","angle":157.5,"time":285.75},{"type":"block","angle":270,"time":286},{"angle":337.5,"type":"side","time":282.75},{"angle":90,"type":"block","time":282.5},{"type":"side","angle":270,"time":288.5},{"angle":112.5,"type":"side","time":287},{"type":"side","angle":22.5,"time":289},{"angle":135,"type":"side","time":289.5},{"type":"side","angle":225,"time":291},{"angle":112.5,"type":"side","time":291.5},{"type":"side","angle":78.75,"time":293},{"type":"side","angle":202.5,"time":293.5},{"angle":292.5,"type":"side","time":295},{"type":"side","angle":213.75,"time":296},{"angle":11.25,"type":"side","time":297},{"angle":303.75,"type":"side","time":297.25},{"type":"side","angle":123.75,"time":298},{"angle":11.25,"type":"side","time":299.5},{"angle":123.75,"type":"side","time":300},{"angle":213.75,"type":"side","time":300.25},{"angle":146.25,"type":"side","time":300.5},{"type":"side","angle":33.75,"time":301},{"angle":281.25,"type":"side","time":301.5},{"type":"side","angle":11.25,"time":302.5},{"angle":123.75,"type":"side","time":303},{"angle":213.75,"type":"side","time":303.25},{"angle":78.75,"type":"side","time":303.75},{"angle":146.25,"type":"side","time":303.5},{"angle":348.75,"type":"side","time":304.75},{"type":"side","angle":213.75,"time":307},{"angle":101.25,"type":"side","time":307.5},{"type":"side","angle":236.25,"time":308.5},{"angle":168.75,"type":"side","time":310},{"type":"side","angle":56.25,"time":312},{"type":"side","angle":281.25,"time":313},{"angle":78.75,"type":"side","time":314},{"type":"side","angle":348.75,"time":314.25},{"angle":101.25,"type":"side","time":317},{"type":"side","angle":33.75,"time":315.5},{"angle":0,"type":"side","time":319},{"type":"side","angle":202.5,"time":320},{"angle":292.5,"type":"side","time":321},{"type":"side","angle":292.5,"time":322},{"angle":337.5,"type":"side","time":322.75},{"type":"side","angle":112.5,"time":324},{"type":"side","angle":112.5,"time":326},{"angle":112.5,"type":"side","time":327.5},{"angle":360,"type":"side","time":329.5},{"type":"side","angle":225,"time":330},{"angle":337.5,"type":"side","time":331},{"type":"side","angle":236.25,"time":332.5},{"type":"side","angle":326.25,"time":333},{"type":"side","angle":67.5,"time":333.25},{"type":"side","angle":236.25,"time":334},{"type":"side","angle":303.75,"time":333.75},{"type":"side","angle":157.5,"time":334.25},{"type":"side","angle":67.5,"time":334.5},{"type":"side","angle":326.25,"time":334.75},{"angle":22.5,"type":"side","time":335.5},{"angle":90,"type":"side","time":335.75},{"type":"side","angle":78.75,"time":336.25},{"type":"side","angle":225,"time":336.75},{"type":"side","angle":337.5,"time":336.5},{"angle":157.5,"type":"block","time":287.25},{"type":"block","angle":202.5,"time":287.5},{"type":"block","angle":247.5,"time":287.75},{"type":"block","angle":292.5,"time":288},{"type":"block","angle":360,"time":288.25},{"type":"block","angle":315,"time":288.75},{"type":"block","angle":67.5,"time":289.25},{"type":"block","angle":202.5,"time":289.75},{"type":"block","angle":135,"time":290},{"type":"block","angle":180,"time":290.25},{"type":"block","angle":315,"time":286.25},{"type":"block","angle":360,"time":286.5},{"type":"block","angle":45,"time":286.75},{"type":"block","angle":225,"time":290.5},{"type":"block","angle":292.5,"time":290.75},{"type":"block","angle":180,"time":291.25},{"type":"block","angle":67.5,"time":291.75},{"type":"block","angle":0,"time":292},{"type":"block","angle":45,"time":292.25},{"type":"block","angle":101.25,"time":292.5},{"type":"block","angle":168.75,"time":292.75},{"type":"block","angle":135,"time":293.25},{"type":"block","angle":247.5,"time":293.75},{"type":"block","angle":292.5,"time":294},{"type":"block","angle":337.5,"time":294.25},{"type":"block","angle":45,"time":294.5},{"type":"block","angle":0,"time":294.75},{"type":"block","angle":247.5,"time":295.25},{"type":"block","angle":191.25,"time":295.5},{"type":"block","angle":123.75,"time":295.75},{"type":"block","angle":168.75,"time":296.25},{"type":"block","angle":123.75,"time":296.5},{"type":"block","angle":78.75,"time":296.75},{"type":"block","angle":258.75,"time":297.5},{"type":"block","angle":213.75,"time":297.75},{"type":"block","angle":168.75,"time":298.25},{"type":"block","angle":236.25,"time":298.5},{"type":"block","angle":191.25,"time":298.75},{"type":"block","angle":146.25,"time":299},{"type":"block","angle":101.25,"time":299.25},{"type":"block","angle":56.25,"time":299.75},{"type":"block","angle":101.25,"time":300.75},{"type":"block","angle":348.75,"time":301.25},{"type":"block","angle":213.75,"time":301.75},{"type":"block","angle":258.75,"time":302},{"type":"block","angle":303.75,"time":302.25},{"type":"block","angle":56.25,"time":302.75},{"type":"block","angle":33.75,"time":304},{"type":"block","angle":348.75,"time":304.25},{"type":"block","angle":281.25,"time":304.5},{"angle":33.75,"type":"block","time":305},{"angle":78.75,"type":"block","time":305.25},{"angle":146.25,"type":"block","time":305.5},{"angle":78.75,"type":"block","time":305.75},{"angle":123.75,"type":"block","time":306},{"angle":168.75,"type":"block","time":306.25},{"angle":213.75,"type":"block","time":306.5},{"angle":281.25,"type":"block","time":306.75},{"angle":168.75,"type":"block","time":307.25},{"angle":56.25,"type":"block","time":307.75},{"angle":11.25,"type":"block","time":308},{"angle":326.25,"type":"block","time":308.25},{"angle":281.25,"type":"block","time":308.75},{"angle":326.25,"type":"block","time":309},{"angle":11.25,"type":"block","time":309.25},{"angle":56.25,"type":"block","time":309.5},{"angle":101.25,"type":"block","time":309.75},{"angle":213.75,"type":"block","time":310.25},{"angle":281.25,"type":"block","time":310.5},{"angle":236.25,"type":"block","time":310.75},{"angle":191.25,"type":"block","time":311},{"angle":146.25,"type":"block","time":311.25},{"angle":78.75,"type":"block","time":311.5},{"angle":146.25,"type":"block","time":311.75},{"angle":101.25,"type":"block","time":312.25},{"angle":146.25,"type":"block","time":312.5},{"angle":191.25,"type":"block","time":312.75},{"angle":236.25,"type":"block","time":313.25},{"angle":191.25,"type":"block","time":313.5},{"angle":146.25,"type":"block","time":313.75},{"angle":33.75,"type":"block","time":314.5},{"angle":78.75,"type":"block","time":314.75},{"angle":146.25,"type":"block","time":315},{"angle":101.25,"type":"block","time":315.25},{"angle":348.75,"type":"block","time":315.75},{"angle":303.75,"type":"block","time":316},{"angle":258.75,"type":"block","time":316.25},{"angle":213.75,"type":"block","time":316.5},{"angle":168.75,"type":"block","time":316.75},{"angle":22.5,"type":"block","time":317.25},{"angle":67.5,"type":"block","time":317.5},{"angle":135,"type":"block","time":317.75},{"angle":90,"type":"block","time":318},{"angle":45,"type":"block","time":318.25},{"angle":0,"type":"block","time":318.5},{"angle":292.5,"type":"block","time":318.75},{"angle":45,"type":"block","time":319.25},{"angle":90,"type":"block","time":319.5},{"angle":135,"type":"block","time":319.75},{"angle":247.5,"type":"block","time":320.25},{"angle":292.5,"type":"block","time":320.5},{"angle":360,"type":"block","time":320.75},{"angle":247.5,"type":"block","time":321.25},{"angle":180,"type":"block","time":321.5},{"angle":225,"type":"block","time":321.75},{"angle":337.5,"type":"block","time":322.25},{"angle":45,"type":"block","time":322.5},{"angle":270,"type":"block","time":323},{"angle":315,"type":"block","time":323.25},{"angle":360,"type":"block","time":323.5},{"angle":45,"type":"block","time":323.75},{"angle":180,"type":"block","time":324.25},{"angle":135,"type":"block","time":324.5},{"angle":67.5,"type":"block","time":324.75},{"angle":112.5,"type":"block","time":325},{"angle":157.5,"type":"block","time":325.25},{"angle":225,"type":"block","time":325.5},{"angle":180,"type":"block","time":325.75},{"angle":56.25,"type":"block","time":326.25},{"angle":0,"type":"block","time":326.5},{"angle":303.75,"type":"block","time":326.75},{"angle":247.5,"type":"block","time":327},{"angle":191.25,"type":"block","time":327.25},{"angle":56.25,"type":"block","time":327.75},{"angle":337.5,"type":"block","time":328},{"angle":33.75,"type":"block","time":328.25},{"angle":90,"type":"block","time":328.5},{"angle":146.25,"type":"block","time":328.75},{"angle":202.5,"type":"block","time":329},{"angle":258.75,"type":"block","time":329.25},{"angle":303.75,"type":"block","time":329.75},{"angle":168.75,"type":"block","time":330.25},{"angle":112.5,"type":"block","time":330.5},{"angle":56.25,"type":"block","time":330.75},{"angle":281.25,"type":"block","time":331.25},{"angle":225,"type":"block","time":331.5},{"angle":168.75,"type":"block","time":331.75},{"angle":90,"type":"block","time":332},{"angle":146.25,"type":"block","time":332.25},{"holdEase":"inSine","angle":281.25,"time":335,"angle2":528.75,"duration":1,"type":"hold"},{"type":"hold","angle2":-258.75,"time":336,"duration":1,"angle":168.75}]