{"properties":{"speed":70,"formatversion":14,"offset":8},"events":[{"bpm":120,"type":"play","time":-1,"volume":2,"file":"They Are Many Colors.ogg","angle":112.5},{"var":"vfx.notesFollowPlayer","angle":67.5,"time":-4,"enable":false,"type":"setBoolean"},{"time":-4,"recolor":0,"id":"box","y":145,"type":"deco","angle":225,"x":265,"sprite":"box.png"},{"repeatDelay":0.16666665673256,"var":"scrollSpeed","type":"ease","time":56.5,"value":1.0099999904633,"angle":112.5,"repeats":74},{"repeatDelay":0.16666665673256,"var":"scrollSpeed","type":"ease","time":56.583332061768,"value":1,"angle":112.5,"repeats":74},{"var":"scrollSpeed","type":"ease","time":81,"value":3,"angle":157.5},{"repeatDelay":0.25,"var":"scrollSpeed","type":"ease","time":69,"value":1,"angle":112.5,"repeats":24},{"repeatDelay":0.25,"var":"scrollSpeed","type":"ease","time":69.125,"value":0.97000002861023,"angle":112.5,"repeats":24},{"repeatDelay":0.25,"var":"scrollSpeed","type":"ease","time":75,"value":0.9200000166893,"angle":112.5,"repeats":20},{"repeatDelay":0.25,"var":"scrollSpeed","type":"ease","time":75.125,"value":0.87999999523163,"angle":112.5,"repeats":20},{"type":"setColor","angle":0,"time":-4,"g":23,"b":23,"color":2,"r":23},{"type":"noise","time":-4,"angle":315,"color":2,"chance":0.050000000745058},{"type":"setColor","angle":22.5,"time":-4,"g":58,"b":58,"color":1,"r":58},{"voidColor":1,"time":-4,"type":"setBgColor","color":1,"angle":337.5},{"drawLayer":"bg","sprite":"symbols!1#0","recolor":4,"id":"sym","y":10,"time":25,"type":"deco","sx":4,"sy":4,"angle":67.5,"x":130},{"angle":67.5,"time":25.166667938232,"type":"deco","id":"sym","sprite":"symbols!1#1"},{"angle":67.5,"time":25.333333969116,"type":"deco","id":"sym","sprite":"symbols!1#2"},{"angle":67.5,"time":26,"type":"deco","id":"sym","sprite":"symbols!1#3"},{"angle":67.5,"time":26.666666666667,"type":"deco","id":"sym","sprite":"symbols!1#4"},{"angle":67.5,"time":27.5,"type":"deco","id":"sym","sprite":"symbols!1#5"},{"angle":67.5,"time":28.25,"type":"deco","id":"sym","sprite":"symbols!1#6"},{"angle":67.5,"time":29,"type":"deco","id":"sym","sprite":"symbols!1#7"},{"angle":67.5,"time":30,"type":"deco","id":"sym","sprite":"symbols!1#8"},{"angle":67.5,"time":31.25,"type":"deco","id":"sym","sprite":"symbols!1#9"},{"angle":67.5,"time":31.5,"type":"deco","id":"sym","sprite":"symbols!1#10"},{"type":"setColor","angle":90,"time":25,"g":255,"b":255,"color":4,"r":255},{"time":35,"r":0,"color":4,"ease":"inSine","angle":135,"type":"setColor","g":0,"b":0,"duration":12},{"hide":true,"angle":135,"time":47,"id":"sym","type":"deco"},{"drawLayer":"fg","sprite":"chat!1#0","recolor":5,"id":"chat","y":302,"time":27,"type":"deco","sx":4,"sy":4,"angle":112.5,"x":178},{"type":"setColor","angle":90,"time":27,"g":255,"b":255,"color":5,"r":255},{"hide":true,"type":"deco","time":31,"sprite":"chat!1#0","id":"chat","angle":112.5},{"hide":false,"type":"deco","time":34.5,"sprite":"chat!1#1","id":"chat","angle":112.5},{"hide":true,"type":"deco","time":38.75,"sprite":"chat!1#2","id":"chat","angle":112.5},{"hide":false,"type":"deco","time":43,"sprite":"chat!1#2","id":"chat","angle":112.5},{"hide":true,"type":"deco","time":45.75,"sprite":"chat!1#3","id":"chat","angle":112.5},{"hide":false,"type":"deco","time":48,"sprite":"chat!1#3","id":"chat","angle":112.5},{"hide":true,"type":"deco","time":52.25,"sprite":"chat!1#0","id":"chat","angle":112.5},{"type":"setColor","angle":337.5,"time":80,"g":0,"b":0,"color":0,"r":0},{"type":"setColor","angle":360,"time":80,"g":0,"b":0,"color":1,"r":0},{"x":120,"type":"deco","angle":135,"sprite":"manytheyarecolors.png","time":80,"id":"manyaretheycolors","y":0},{"type":"setColor","angle":292.5,"time":80,"g":0,"b":0,"color":7,"r":0},{"type":"setColor","angle":270,"time":80,"g":0,"b":0,"color":6,"r":0},{"type":"setColor","angle":247.5,"time":80,"g":0,"b":0,"color":5,"r":0},{"type":"setColor","angle":225,"time":80,"g":255,"b":255,"color":4,"r":255},{"type":"setColor","angle":247.5,"time":80.625,"g":0,"b":0,"color":5,"r":255},{"type":"setColor","angle":270,"time":80.708335876465,"g":255,"b":0,"color":6,"r":0},{"type":"setColor","angle":292.5,"time":80.79167175293,"g":0,"b":255,"color":7,"r":0},{"type":"setColor","angle":45,"time":81,"g":0,"b":0,"color":1,"r":255},{"type":"setColor","angle":67.5,"time":81,"g":0,"b":0,"color":0,"r":0},{"var":"p.outlineColor","type":"ease","time":81,"value":1,"angle":90},{"angle":258.75,"spriteName":"none","type":"forcePlayerSprite","time":-4},{"hide":true,"angle":315,"time":81,"id":"manyaretheycolors","type":"deco"},{"var":"p.feedbackAmplitude","type":"ease","time":80.666664123535,"value":10,"angle":67.5},{"var":"p.feedbackDuration","type":"ease","time":80.666664123535,"value":24,"angle":90},{"bpm":84,"angle":67.5,"time":80,"type":"setBPM"},{"bpm":120,"angle":135,"time":81,"type":"setBPM"},{"drawLayer":"bg","hide":true,"sprite":"spiral!1@120","id":"spiral","y":-360,"time":81,"parentid":"anchor","type":"deco","sx":2,"sy":2,"x":-600,"angle":213.75,"drawOrder":0},{"effectCanvasRaw":false,"time":81,"effectCanvas":true,"id":"grid1","y":0,"angle":258.75,"x":0,"type":"deco","order":0,"drawLayer":"bg","sprite":"grid!1@30","drawOrder":-1},{"description":"","time":80,"r":255,"angle":45,"g":0,"b":0,"type":"bookmark","name":"Section"},{"type":"deco","time":26,"angle":22.5,"id":"anchor","order":0},{"time":81,"r":360,"id":"anchor","order":1,"angle":225,"ox":72,"oy":72,"type":"deco","duration":30},{"type":"noise","time":80,"angle":90,"color":0,"chance":0},{"voidColor":0,"time":80,"type":"setBgColor","color":0,"angle":112.5},{"effectCanvasRaw":false,"hide":true,"sprite":"grid!1@30","effectCanvas":true,"y":360,"x":0,"order":0,"id":"grid2","drawLayer":"bg","type":"deco","angle":270,"time":81,"drawOrder":-1},{"effectCanvasRaw":false,"angle":240,"sprite":"grid!1@16","effectCanvas":true,"drawLayer":"bg","id":"grid1","y":-360,"time":96.5,"x":0,"type":"deco","order":0,"duration":0.25,"drawOrder":-1},{"effectCanvasRaw":false,"angle":270,"sprite":"grid!1@16","effectCanvas":true,"drawLayer":"bg","x":0,"y":0,"time":96.5,"id":"grid2","type":"deco","order":2,"duration":0.25,"drawOrder":-1},{"effectCanvasRaw":false,"time":96.5,"effectCanvas":true,"x":0,"y":0,"angle":225,"drawLayer":"bg","type":"deco","order":-1,"id":"grid1","sprite":"grid!1@16","drawOrder":-1},{"effectCanvasRaw":false,"hide":false,"sprite":"grid!1@16","effectCanvas":true,"order":1,"x":0,"y":360,"id":"grid2","drawLayer":"bg","angle":255,"time":96.5,"type":"deco","drawOrder":-1},{"effectCanvasRaw":false,"drawLayer":"bg","y":-360,"time":96.75,"effectCanvas":true,"sprite":"grid!1@16","x":0,"order":0,"ease":"outQuad","id":"grid1","angle":225,"type":"deco","duration":0.5,"drawOrder":-1},{"effectCanvasRaw":false,"drawLayer":"bg","order":2,"time":96.75,"effectCanvas":true,"sprite":"grid!1@16","x":0,"y":0,"ease":"outQuad","id":"grid2","angle":270,"type":"deco","duration":0.5,"drawOrder":-1},{"effectCanvasRaw":false,"sprite":"grid!1@16","effectCanvas":true,"x":0,"order":-1,"type":"deco","drawLayer":"bg","angle":240,"y":0,"id":"grid1","time":96.75,"drawOrder":-1},{"effectCanvasRaw":false,"sprite":"grid!1@16","effectCanvas":true,"x":0,"order":1,"type":"deco","drawLayer":"bg","angle":255,"y":360,"id":"grid2","time":96.75,"drawOrder":-1},{"drawLayer":"fg","angle":345,"type":"deco","time":81,"recolor":3,"id":"box","drawOrder":10},{"hide":true,"angle":240,"time":97.25,"id":"grid1","type":"deco"},{"angle":157.5,"time":-4,"enable":false,"color":1,"type":"outline"},{"ease":"linear","time":96.375,"type":"paddles","paddle":1,"enabled":false,"duration":0,"angle":11.25},{"time":96.875,"enabled":true,"paddle":1,"ease":"linear","type":"paddles","angle":348.75,"duration":0,"newWidth":70},{"time":96.5,"value":3,"angle":22.5,"ease":"outSine","var":"scrollSpeed","type":"ease","start":5,"duration":0.5},{"ease":"linear","angle":56.25,"type":"paddles","time":95,"duration":0,"newWidth":120,"paddle":1},{"ease":"inBack","var":"scrollSpeed","type":"ease","time":110,"value":6,"duration":0.75,"angle":0},{"ease":"outSine","var":"scrollSpeed","type":"ease","time":111,"value":2.5,"duration":2,"angle":33.75},{"drawLayer":"bg","time":26,"recolor":3,"x":-80,"y":-80,"parentid":"anchor","type":"deco","sx":0.40000000596046,"sy":0.40000000596046,"angle":360,"id":"box2","sprite":"bigger box.png"},{"type":"deco","hide":true,"angle":45,"time":26,"r":45,"id":"anchor","order":1},{"hide":true,"angle":360,"time":26.75,"id":"box2","type":"deco"},{"hide":false,"angle":360,"time":28,"id":"box2","type":"deco"},{"hide":true,"angle":360,"time":28.75,"id":"box2","type":"deco"},{"type":"setColor","angle":45,"time":-4,"g":0,"b":0,"color":3,"r":0},{"hide":false,"angle":360,"time":30,"id":"box2","type":"deco"},{"angle":337.5,"time":30.5,"r":0,"id":"anchor","type":"deco"},{"hide":true,"angle":0,"time":30.75,"id":"box2","type":"deco"},{"hide":false,"angle":360,"time":32,"id":"box2","type":"deco"},{"hide":true,"angle":360,"time":32.75,"id":"box2","type":"deco"},{"hide":false,"angle":360,"time":34,"id":"box2","type":"deco"},{"hide":true,"angle":360,"time":34.75,"id":"box2","type":"deco"},{"hide":false,"angle":360,"time":36,"id":"box2","type":"deco"},{"hide":true,"angle":360,"time":36.75,"id":"box2","type":"deco"},{"hide":false,"angle":360,"time":38,"id":"box2","type":"deco"},{"drawLayer":"bg","hide":false,"sprite":"bigger box.png","recolor":3,"x":-80,"y":-80,"parentid":"anchor2","type":"deco","sx":0.40000000596046,"sy":0.40000000596046,"id":"box3","time":38.5,"angle":360},{"type":"deco","hide":true,"angle":22.5,"time":38.5,"x":300,"id":"anchor2","y":180},{"angle":337.5,"time":32,"r":45,"id":"anchor","type":"deco"},{"hide":true,"angle":360,"time":38.75,"id":"box2","type":"deco"},{"hide":false,"angle":360,"time":40,"id":"box2","type":"deco"},{"hide":true,"angle":360,"time":40.75,"id":"box2","type":"deco"},{"hide":true,"angle":337.5,"time":40,"id":"box3","type":"deco"},{"hide":false,"angle":22.5,"time":42,"id":"box2","type":"deco"},{"hide":true,"angle":360,"time":42.75,"id":"box2","type":"deco"},{"hide":false,"angle":360,"time":44,"id":"box2","type":"deco"},{"hide":true,"angle":360,"time":44.75,"id":"box2","type":"deco"},{"hide":false,"angle":360,"time":46,"id":"box2","type":"deco"},{"hide":true,"angle":360,"time":46.75,"id":"box2","type":"deco"},{"angle":0,"time":46.5,"r":0,"id":"anchor","type":"deco"},{"hide":false,"angle":360,"time":48,"id":"box2","type":"deco"},{"hide":true,"angle":360,"time":48.75,"id":"box2","type":"deco"},{"angle":22.5,"time":48,"r":45,"id":"anchor","type":"deco"},{"hide":false,"angle":360,"time":50,"id":"box2","type":"deco"},{"hide":true,"angle":360,"time":50.75,"id":"box2","type":"deco"},{"hide":false,"angle":360,"time":52,"id":"box2","type":"deco"},{"hide":true,"angle":360,"time":52.75,"id":"box2","type":"deco"},{"hide":false,"angle":360,"time":54,"id":"box2","type":"deco"},{"hide":false,"angle":0,"time":54.5,"id":"box3","type":"deco"},{"angle":22.5,"time":54.5,"r":0,"id":"anchor2","type":"deco"},{"hide":true,"angle":360,"time":56,"id":"box2","type":"deco"},{"ease":"outSine","id":"anchor2","type":"deco","time":56,"r":45,"duration":0.5,"angle":22.5},{"ease":"linear","id":"anchor2","type":"deco","time":63,"r":90,"duration":17,"angle":0},{"hide":true,"angle":337.5,"time":81,"id":"box3","type":"deco"},{"drawLayer":"fg","time":111,"recolor":1,"x":120,"y":0,"sprite":"letters!1@15","type":"deco","angle":157.5,"id":"letters","drawOrder":12},{"hide":true,"angle":180,"time":111,"id":"spiral","type":"deco"},{"voidColor":0,"time":111,"type":"setBgColor","color":0,"angle":135},{"hide":true,"angle":112.5,"time":111,"id":"grid2","type":"deco"},{"hide":true,"angle":157.5,"time":112.5,"id":"letters","type":"deco"},{"sprite":"lines!1@180","recolor":0,"id":"lines","y":-360,"type":"deco","parentid":"anchor","angle":180,"sx":2,"sy":2,"x":-600,"time":113},{"type":"deco","angle":202.5,"time":113,"r":0,"id":"anchor","duration":32},{"hide":false,"sprite":"A!1@0#0","recolor":0,"id":"letters","y":54,"x":174,"type":"deco","sx":0.69999998807907,"sy":0.69999998807907,"angle":90,"time":113},{"hide":true,"angle":90,"time":113.5,"id":"letters","type":"deco"},{"hide":false,"angle":90,"time":113.75,"id":"letters","type":"deco"},{"hide":true,"angle":90,"time":114,"id":"letters","type":"deco"},{"hide":false,"angle":90,"time":114.25,"id":"letters","type":"deco"},{"hide":true,"angle":90,"time":114.5,"id":"letters","type":"deco"},{"hide":false,"angle":90,"time":114.75,"id":"letters","type":"deco"},{"hide":true,"angle":90,"time":115,"id":"letters","type":"deco"},{"hide":false,"angle":90,"time":115.25,"id":"letters","type":"deco"},{"hide":true,"angle":90,"time":115.5,"id":"letters","type":"deco"},{"hide":false,"angle":90,"time":115.75,"id":"letters","type":"deco"},{"hide":true,"angle":90,"time":116,"id":"letters","type":"deco"},{"hide":false,"angle":90,"time":116.25,"id":"letters","type":"deco"},{"hide":true,"angle":90,"time":116.5,"id":"letters","type":"deco"},{"hide":false,"angle":90,"time":116.75,"id":"letters","type":"deco"},{"hide":true,"angle":90,"time":117,"id":"letters","type":"deco"},{"hide":false,"angle":90,"time":117.25,"id":"letters","type":"deco"},{"hide":true,"angle":90,"time":117.5,"id":"letters","type":"deco"},{"hide":false,"angle":90,"time":117.75,"id":"letters","type":"deco"},{"hide":true,"angle":90,"time":118,"id":"letters","type":"deco"},{"hide":false,"angle":90,"time":118.25,"id":"letters","type":"deco"},{"hide":true,"angle":90,"time":118.5,"id":"letters","type":"deco"},{"hide":false,"angle":90,"time":118.75,"id":"letters","type":"deco"},{"hide":true,"angle":90,"time":119,"id":"letters","type":"deco"},{"hide":false,"angle":90,"time":119.25,"id":"letters","type":"deco"},{"hide":true,"angle":90,"time":119.5,"id":"letters","type":"deco"},{"hide":false,"angle":90,"time":119.75,"id":"letters","type":"deco"},{"hide":true,"angle":90,"time":120,"id":"letters","type":"deco"},{"hide":false,"angle":90,"time":120.25,"id":"letters","type":"deco"},{"hide":true,"angle":90,"time":120.5,"id":"letters","type":"deco"},{"hide":false,"angle":90,"time":120.75,"id":"letters","type":"deco"},{"hide":true,"type":"deco","time":121,"sprite":"A!1#1","id":"letters","angle":90},{"hide":false,"angle":90,"time":121.25,"id":"letters","type":"deco"},{"hide":true,"angle":90,"time":121.5,"id":"letters","type":"deco"},{"hide":false,"angle":90,"time":121.75,"id":"letters","type":"deco"},{"hide":true,"angle":90,"time":122,"id":"letters","type":"deco"},{"hide":false,"angle":90,"time":122.25,"id":"letters","type":"deco"},{"hide":true,"angle":90,"time":122.5,"id":"letters","type":"deco"},{"hide":false,"angle":90,"time":122.75,"id":"letters","type":"deco"},{"hide":true,"angle":90,"time":123,"id":"letters","type":"deco"},{"hide":false,"angle":90,"time":123.25,"id":"letters","type":"deco"},{"hide":true,"angle":90,"time":123.5,"id":"letters","type":"deco"},{"hide":false,"angle":90,"time":123.75,"id":"letters","type":"deco"},{"hide":true,"angle":90,"time":124,"id":"letters","type":"deco"},{"hide":false,"angle":90,"time":124.25,"id":"letters","type":"deco"},{"hide":true,"angle":90,"time":124.5,"id":"letters","type":"deco"},{"hide":false,"angle":90,"time":124.75,"id":"letters","type":"deco"},{"hide":true,"angle":90,"time":125,"id":"letters","type":"deco"},{"hide":false,"angle":90,"time":125.25,"id":"letters","type":"deco"},{"hide":true,"angle":90,"time":125.5,"id":"letters","type":"deco"},{"hide":false,"angle":90,"time":125.75,"id":"letters","type":"deco"},{"hide":true,"angle":90,"time":126,"id":"letters","type":"deco"},{"hide":false,"angle":90,"time":126.25,"id":"letters","type":"deco"},{"hide":true,"angle":90,"time":126.5,"id":"letters","type":"deco"},{"hide":false,"angle":90,"time":126.75,"id":"letters","type":"deco"},{"hide":true,"angle":90,"time":127,"id":"letters","type":"deco"},{"hide":false,"angle":90,"time":127.25,"id":"letters","type":"deco"},{"hide":true,"angle":90,"time":127.5,"id":"letters","type":"deco"},{"hide":false,"angle":90,"time":127.75,"id":"letters","type":"deco"},{"hide":true,"angle":90,"time":128,"id":"letters","type":"deco"},{"hide":false,"angle":90,"time":128.25,"id":"letters","type":"deco"},{"hide":true,"angle":90,"time":128.5,"id":"letters","type":"deco"},{"hide":false,"angle":90,"time":128.75,"id":"letters","type":"deco"},{"hide":true,"type":"deco","time":129,"sprite":"A!1#2","id":"letters","angle":90},{"hide":false,"angle":90,"time":129.25,"id":"letters","type":"deco"},{"hide":true,"angle":90,"time":129.5,"id":"letters","type":"deco"},{"hide":false,"angle":90,"time":129.75,"id":"letters","type":"deco"},{"voidColor":1,"time":113,"type":"setBgColor","color":1,"angle":225},{"angle":225,"time":112.875,"enable":true,"color":0,"type":"outline"},{"hide":true,"angle":90,"time":130,"id":"letters","type":"deco"},{"hide":false,"angle":90,"time":130.25,"id":"letters","type":"deco"},{"hide":true,"angle":90,"time":130.5,"id":"letters","type":"deco"},{"hide":false,"angle":90,"time":130.75,"id":"letters","type":"deco"},{"hide":true,"angle":90,"time":131,"id":"letters","type":"deco"},{"hide":false,"angle":90,"time":131.25,"id":"letters","type":"deco"},{"hide":true,"angle":90,"time":131.5,"id":"letters","type":"deco"},{"hide":false,"angle":90,"time":131.75,"id":"letters","type":"deco"},{"hide":true,"angle":90,"time":132,"id":"letters","type":"deco"},{"hide":false,"angle":90,"time":132.25,"id":"letters","type":"deco"},{"hide":true,"angle":90,"time":132.5,"id":"letters","type":"deco"},{"hide":false,"angle":90,"time":132.75,"id":"letters","type":"deco"},{"hide":true,"angle":90,"time":133,"id":"letters","type":"deco"},{"hide":false,"angle":90,"time":133.25,"id":"letters","type":"deco"},{"hide":true,"angle":90,"time":133.5,"id":"letters","type":"deco"},{"hide":false,"angle":90,"time":133.75,"id":"letters","type":"deco"},{"hide":true,"angle":90,"time":134,"id":"letters","type":"deco"},{"hide":false,"angle":90,"time":134.25,"id":"letters","type":"deco"},{"hide":true,"angle":90,"time":134.5,"id":"letters","type":"deco"},{"hide":false,"angle":90,"time":134.75,"id":"letters","type":"deco"},{"hide":true,"angle":90,"time":135,"id":"letters","type":"deco"},{"hide":false,"angle":90,"time":135.25,"id":"letters","type":"deco"},{"hide":true,"angle":90,"time":135.5,"id":"letters","type":"deco"},{"hide":false,"angle":90,"time":135.75,"id":"letters","type":"deco"},{"hide":true,"angle":90,"time":136,"id":"letters","type":"deco"},{"hide":false,"angle":90,"time":136.25,"id":"letters","type":"deco"},{"hide":true,"angle":90,"time":136.5,"id":"letters","type":"deco"},{"hide":false,"angle":90,"time":136.75,"id":"letters","type":"deco"},{"angle":90,"time":137,"type":"deco","id":"letters","sprite":"A!1#3"},{"hide":true,"angle":90,"time":137.5,"id":"letters","type":"deco"},{"hide":false,"angle":90,"time":137.75,"id":"letters","type":"deco"},{"hide":true,"angle":90,"time":138,"id":"letters","type":"deco"},{"hide":false,"angle":90,"time":138.25,"id":"letters","type":"deco"},{"hide":true,"angle":90,"time":138.5,"id":"letters","type":"deco"},{"hide":false,"angle":75,"time":138.75,"id":"letters","type":"deco"},{"hide":true,"angle":90,"time":139,"id":"letters","type":"deco"},{"hide":false,"angle":90,"time":139.25,"id":"letters","type":"deco"},{"hide":true,"angle":90,"time":139.5,"id":"letters","type":"deco"},{"hide":false,"angle":90,"time":139.75,"id":"letters","type":"deco"},{"hide":true,"angle":90,"time":140,"id":"letters","type":"deco"},{"hide":false,"angle":90,"time":140.25,"id":"letters","type":"deco"},{"hide":true,"angle":90,"time":140.5,"id":"letters","type":"deco"},{"hide":false,"angle":90,"time":140.75,"id":"letters","type":"deco"},{"hide":true,"angle":90,"time":141,"id":"letters","type":"deco"},{"hide":false,"angle":90,"time":141.25,"id":"letters","type":"deco"},{"hide":true,"angle":90,"time":141.5,"id":"letters","type":"deco"},{"hide":false,"angle":90,"time":141.75,"id":"letters","type":"deco"},{"hide":true,"angle":90,"time":142,"id":"letters","type":"deco"},{"hide":false,"angle":90,"time":142.25,"id":"letters","type":"deco"},{"hide":true,"angle":90,"time":142.5,"id":"letters","type":"deco"},{"hide":false,"angle":90,"time":142.75,"id":"letters","type":"deco"},{"hide":true,"angle":90,"time":143,"id":"letters","type":"deco"},{"hide":false,"angle":90,"time":143.16667175293,"id":"letters","type":"deco"},{"hide":true,"angle":90,"time":143.33332824707,"id":"letters","type":"deco"},{"hide":false,"angle":90,"time":143.5,"id":"letters","type":"deco"},{"hide":true,"angle":90,"time":143.625,"id":"letters","type":"deco"},{"hide":false,"angle":90,"time":143.75,"id":"letters","type":"deco"},{"hide":true,"angle":90,"time":143.875,"id":"letters","type":"deco"},{"hide":false,"angle":90,"time":144,"id":"letters","type":"deco"},{"hide":true,"angle":90,"time":144.08333333333,"id":"letters","type":"deco"},{"hide":false,"angle":90,"time":144.16667175293,"id":"letters","type":"deco"},{"hide":true,"angle":90,"time":144.25,"id":"letters","type":"deco"},{"hide":false,"angle":90,"time":144.3333384196,"id":"letters","type":"deco"},{"hide":true,"angle":90,"time":144.41667175293,"id":"letters","type":"deco"},{"hide":false,"angle":90,"time":144.5,"id":"letters","type":"deco"},{"hide":true,"angle":90,"time":144.5625,"id":"letters","type":"deco"},{"hide":false,"angle":90,"time":144.625,"id":"letters","type":"deco"},{"hide":true,"angle":90,"time":144.6875,"id":"letters","type":"deco"},{"hide":false,"angle":90,"time":144.75,"id":"letters","type":"deco"},{"hide":true,"angle":90,"time":144.8125,"id":"letters","type":"deco"},{"hide":false,"angle":90,"time":144.875,"id":"letters","type":"deco"},{"hide":true,"angle":90,"time":144.9375,"id":"letters","type":"deco"},{"time":145,"value":3,"angle":45,"ease":"inSine","var":"scrollSpeed","type":"ease","start":1,"duration":1},{"hide":true,"angle":30,"time":145,"id":"lines","type":"deco"},{"voidColor":0,"time":145,"type":"setBgColor","color":0,"angle":15},{"time":146,"value":3,"angle":45,"ease":"inSine","var":"scrollSpeed","type":"ease","start":1,"duration":1},{"time":147,"value":2,"angle":45,"ease":"inSine","var":"scrollSpeed","type":"ease","start":1,"duration":0.375},{"time":147.375,"value":2,"angle":45,"ease":"inSine","var":"scrollSpeed","type":"ease","start":1,"duration":0.375},{"time":147.75,"value":1.5,"angle":45,"ease":"inSine","var":"scrollSpeed","type":"ease","start":1,"duration":0.25},{"time":148,"value":2,"angle":45,"ease":"inSine","var":"scrollSpeed","type":"ease","start":1,"duration":0.375},{"time":148.375,"value":2,"angle":45,"ease":"inSine","var":"scrollSpeed","type":"ease","start":1,"duration":0.375},{"time":148.75,"value":1.5,"angle":45,"ease":"inSine","var":"scrollSpeed","type":"ease","start":1,"duration":0.25},{"time":149,"value":4,"angle":90,"ease":"inSine","var":"scrollSpeed","type":"ease","start":1,"duration":1},{"hide":false,"time":145,"recolor":1,"id":"box3","parentid":"anchor2","type":"deco","angle":345,"sprite":"square.png"},{"time":145,"r":60,"id":"anchor2","order":2,"ease":"outQuad","angle":330,"type":"deco","duration":0.5},{"type":"deco","angle":315,"time":145,"r":0,"id":"anchor2","order":0},{"hide":true,"angle":348.75,"time":145.5,"id":"box3","type":"deco"},{"time":145.5,"recolor":1,"id":"circle1","y":30,"type":"deco","angle":360,"x":270,"sprite":"circle.png"},{"time":145.625,"recolor":1,"id":"circle2","y":150,"type":"deco","angle":11.25,"x":390,"sprite":"circle.png"},{"time":145.75,"recolor":1,"id":"circle3","y":270,"type":"deco","angle":22.5,"x":270,"sprite":"circle.png"},{"time":145.875,"recolor":1,"id":"circle4","y":150,"type":"deco","angle":33.75,"x":150,"sprite":"circle.png"},{"hide":false,"time":146,"id":"box3","order":-2,"y":-150,"type":"deco","sx":0.75,"sy":0.75,"angle":292.5,"x":-150},{"angle":270,"type":"deco","time":146,"r":0,"id":"anchor2","order":-1},{"time":146,"r":-60,"id":"anchor2","order":0,"ease":"outQuad","angle":258.75,"type":"deco","duration":0.5},{"hide":true,"angle":360,"time":146,"id":"circle1","type":"deco"},{"hide":true,"angle":11.25,"time":146,"id":"circle2","type":"deco"},{"hide":true,"angle":22.5,"time":146,"id":"circle3","type":"deco"},{"hide":true,"angle":33.75,"time":146,"id":"circle4","type":"deco"},{"time":146,"angle":281.25,"x":-100,"y":-100,"ease":"outQuad","id":"box3","type":"deco","sx":0.5,"sy":0.5,"order":1,"duration":0.5},{"hide":true,"angle":348.75,"time":146.5,"id":"box3","type":"deco"},{"hide":false,"angle":360,"time":146.5,"id":"circle1","type":"deco"},{"hide":false,"angle":11.25,"time":146.875,"id":"circle2","type":"deco"},{"hide":false,"angle":22.5,"time":146.75,"id":"circle3","type":"deco"},{"hide":false,"angle":33.75,"time":146.625,"id":"circle4","type":"deco"},{"hide":true,"angle":360,"time":147,"id":"circle1","type":"deco"},{"hide":true,"angle":11.25,"time":147,"id":"circle2","type":"deco"},{"hide":true,"angle":22.5,"time":147,"id":"circle3","type":"deco"},{"hide":true,"angle":33.75,"time":147,"id":"circle4","type":"deco"},{"type":"deco","angle":11.25,"time":149,"r":50,"id":"anchor2","order":-1},{"time":149,"r":40,"id":"anchor2","order":0,"ease":"outQuad","angle":22.5,"type":"deco","duration":0.5},{"hide":false,"time":149,"id":"box3","order":-1,"y":-80,"type":"deco","sx":0.40000000596046,"sy":0.40000000596046,"angle":33.75,"x":-80},{"time":149,"angle":45,"x":-120,"y":-120,"ease":"outQuad","id":"box3","type":"deco","sx":0.60000002384186,"sy":0.60000002384186,"order":0,"duration":0.5},{"hide":true,"angle":22.5,"time":149.5,"id":"box3","type":"deco"},{"drawLayer":"bg","time":149.5,"recolor":1,"x":100,"y":290,"sprite":"square.png","type":"deco","sy":0.125,"angle":33.75,"id":"sqr1"},{"drawLayer":"bg","time":149.625,"recolor":1,"id":"sqr2","y":220,"sprite":"square.png","type":"deco","sy":0.125,"angle":45,"x":100},{"drawLayer":"bg","time":149.75,"recolor":1,"x":100,"y":150,"sprite":"square.png","type":"deco","sy":0.125,"angle":56.25,"id":"sqr3"},{"drawLayer":"bg","time":149.875,"recolor":1,"x":100,"y":80,"sprite":"square.png","type":"deco","sy":0.125,"angle":67.5,"id":"sqr4"},{"drawLayer":"bg","sprite":"square.png","recolor":1,"id":"sqr5","y":10,"order":-1,"type":"deco","sx":0,"sy":0.125,"angle":78.75,"x":100,"time":149.875},{"sprite":"square.png","id":"sqr5","recolor":1,"x":100,"y":10,"ease":"outSine","angle":90,"type":"deco","sx":1,"sy":0.125,"order":0,"duration":0.125,"time":149.875},{"hide":true,"angle":33.75,"time":150,"id":"sqr1","type":"deco"},{"hide":true,"angle":45,"time":150,"id":"sqr2","type":"deco"},{"hide":true,"angle":56.25,"time":150,"id":"sqr3","type":"deco"},{"hide":true,"angle":67.5,"time":150,"id":"sqr4","type":"deco"},{"hide":true,"angle":78.75,"time":150,"id":"sqr5","type":"deco"},{"time":150,"value":5,"angle":135,"ease":"inSine","var":"scrollSpeed","type":"ease","start":1,"duration":1},{"hide":true,"angle":22.5,"time":150.5,"id":"box3","type":"deco"},{"hide":false,"sprite":"square.png","recolor":1,"id":"sqr1","y":40,"time":150.5,"type":"deco","sx":0.125,"sy":0.75,"angle":33.75,"x":150},{"hide":false,"sprite":"square.png","recolor":1,"id":"sqr2","y":40,"time":150.625,"type":"deco","sx":0.125,"sy":0.75,"angle":45,"x":240},{"hide":false,"sprite":"square.png","recolor":1,"id":"sqr3","y":40,"time":150.75,"type":"deco","sx":0.125,"sy":0.75,"angle":56.25,"x":250},{"hide":false,"sprite":"square.png","recolor":1,"id":"sqr4","y":40,"time":150.875,"type":"deco","sx":0.125,"sy":0.75,"angle":67.5,"x":320},{"hide":false,"time":150.875,"recolor":1,"id":"sqr5","y":180,"sprite":"square.png","angle":78.75,"sx":0,"sy":0,"order":-1,"type":"deco","x":415},{"time":150.875,"recolor":1,"id":"sqr5","order":0,"ease":"outSine","x":390,"angle":90,"type":"deco","sy":0.75,"y":40,"duration":0.125,"sprite":"square.png"},{"hide":true,"angle":33.75,"time":151,"id":"sqr1","type":"deco"},{"hide":true,"angle":45,"time":151,"id":"sqr2","type":"deco"},{"hide":true,"angle":56.25,"time":151,"id":"sqr3","type":"deco"},{"hide":true,"angle":67.5,"time":151,"id":"sqr4","type":"deco"},{"hide":true,"angle":78.75,"time":151,"id":"sqr5","type":"deco"},{"type":"deco","angle":-33.75,"time":150,"r":35,"id":"anchor2","order":-1},{"time":150,"r":55,"id":"anchor2","order":0,"ease":"outQuad","angle":-22.5,"type":"deco","duration":0.5},{"hide":false,"time":150,"id":"box3","order":-1,"y":-80,"type":"deco","sx":0.40000000596046,"sy":0.40000000596046,"angle":-11.25,"x":-80},{"time":150,"angle":0,"x":-120,"y":-120,"ease":"outQuad","id":"box3","type":"deco","sx":0.60000002384186,"sy":0.60000002384186,"order":0,"duration":0.5},{"drawLayer":"bg","time":153,"id":"ggrid","y":0,"type":"deco","angle":56.25,"x":0,"sprite":"ggrid.png"},{"angle":56.25,"sx":0.69999998807907,"sy":0.69999998807907,"time":153.375,"id":"ggrid","type":"deco"},{"angle":56.25,"sx":0.60000002384186,"sy":0.60000002384186,"time":153.75,"id":"ggrid","type":"deco"},{"angle":56.25,"sx":0.5,"sy":0.5,"time":153.875,"id":"ggrid","type":"deco"},{"angle":56.25,"sx":1,"sy":1,"time":154,"id":"ggrid","type":"deco"},{"angle":56.25,"sx":0.69999998807907,"sy":0.69999998807907,"time":154.375,"id":"ggrid","type":"deco"},{"angle":56.25,"sx":0.60000002384186,"sy":0.60000002384186,"time":154.75,"id":"ggrid","type":"deco"},{"angle":56.25,"sx":0.5,"sy":0.5,"time":154.875,"id":"ggrid","type":"deco"},{"angle":56.25,"sx":1,"sy":1,"time":155,"id":"ggrid","type":"deco"},{"angle":56.25,"sx":0.69999998807907,"sy":0.69999998807907,"time":155.375,"id":"ggrid","type":"deco"},{"angle":56.25,"sx":0.60000002384186,"sy":0.60000002384186,"time":155.75,"id":"ggrid","type":"deco"},{"angle":56.25,"sx":0.5,"sy":0.5,"time":155.875,"id":"ggrid","type":"deco"},{"angle":56.25,"sx":1,"sy":1,"time":156,"id":"ggrid","type":"deco"},{"angle":56.25,"sx":0.69999998807907,"sy":0.69999998807907,"time":156.375,"id":"ggrid","type":"deco"},{"angle":56.25,"time":156.75,"sy":0.60000002384186,"type":"deco","id":"ggrid","sx":0.60000002384186},{"angle":56.25,"sx":0.5,"sy":0.5,"time":156.875,"id":"ggrid","type":"deco"},{"var":"p.outlineColor","type":"ease","time":113,"value":0,"angle":247.5},{"var":"p.outlineColor","type":"ease","time":145.5,"value":1,"angle":90},{"var":"p.outlineColor","type":"ease","time":146,"value":0,"angle":90},{"var":"p.outlineColor","type":"ease","time":146.5,"value":1,"angle":67.5},{"var":"p.outlineColor","type":"ease","time":149,"value":0,"angle":112.5},{"var":"p.outlineColor","type":"ease","time":151,"value":1,"angle":123.75},{"var":"p.outlineColor","type":"ease","time":153,"value":0,"angle":90},{"hide":true,"angle":56.25,"time":161,"id":"ggrid","type":"deco"},{"var":"scrollSpeed","angle":146.25,"time":151,"value":2,"duration":5,"type":"ease"},{"ease":"inSine","var":"scrollSpeed","type":"ease","time":157,"value":4,"duration":4,"angle":78.75},{"drawLayer":"bg","sprite":"ZAG.png","type":"deco","oy":9,"x":-600,"y":-360,"parentid":"anchor","ox":15,"angle":33.75,"sx":10,"sy":10,"order":-1,"id":"zag","time":161},{"time":157,"r":225,"color":1,"ease":"inSine","angle":101.25,"type":"setColor","g":255,"b":1,"duration":2},{"time":159,"r":69,"type":"setColor","color":1,"angle":90,"g":255,"b":0,"duration":1},{"time":160,"r":233,"color":1,"ease":"inOutElastic","angle":90,"type":"setColor","g":255,"b":0,"duration":0.5},{"time":160.5,"r":0,"color":1,"ease":"inOutElastic","angle":90,"type":"setColor","g":174,"b":14,"duration":0.75},{"type":"setColor","angle":90,"time":161,"g":43,"b":1,"color":2,"r":0},{"sprite":"zig.png","parentid":"anchor2","oy":9,"sx":10,"sy":10,"effectCanvasRaw":false,"time":161,"effectCanvas":true,"x":-600,"id":"zig","y":-360,"order":-1,"drawLayer":"bg","type":"deco","ox":15,"angle":348.75},{"type":"setColor","angle":101.25,"time":161,"g":219,"b":21,"color":3,"r":1},{"var":"p.layer","type":"ease","time":161,"value":99,"angle":112.5},{"angle":78.75,"time":161,"recolor":4,"id":"box","type":"deco"},{"time":161,"id":"zag","order":0,"angle":22.5,"ox":-15,"oy":-9,"type":"deco","duration":4},{"time":161,"id":"zig","order":0,"angle":337.5,"ox":-15,"oy":-9,"type":"deco","duration":4},{"description":"","time":153,"r":0,"angle":22.5,"g":255,"b":0,"type":"bookmark","name":"green"},{"description":"","time":143,"r":255,"angle":78.75,"g":0,"b":0,"type":"bookmark","name":"red2"},{"var":"p.fillColor","type":"ease","time":161,"value":4,"angle":135},{"var":"p.outlineColor","type":"ease","time":161,"value":4,"angle":146.25},{"type":"setColor","angle":157.5,"time":161,"g":0,"b":0,"color":4,"r":0},{"angle":33.75,"time":167.33332824707,"r":30,"id":"anchor","type":"deco"},{"bpm":90,"angle":45,"time":161,"type":"setBPM"},{"var":"p.feedbackAmplitude","type":"ease","time":157,"value":3,"angle":180},{"paddle":2,"enabled":true,"ease":"linear","type":"paddles","angle":180,"time":171,"duration":2,"newAngle":180},{"ease":"linear","angle":195,"type":"paddles","time":171,"duration":2,"newWidth":120,"paddle":1},{"ease":"inBack","type":"paddles","angle":10.229008674622,"time":178,"paddle":2,"duration":1,"newAngle":0},{"ease":"linear","time":179,"type":"paddles","paddle":2,"enabled":false,"duration":1,"angle":10.18132019043},{"time":178.75,"value":0,"angle":360,"ease":"inBack","var":"vfx.noteXSkew","type":"ease","start":3,"duration":0.25},{"var":"extraHoldLeniency","type":"ease","time":172.75,"value":9999,"angle":112.5},{"time":178.75,"value":1,"angle":337.5,"ease":"inBack","var":"vfx.noteYScale","type":"ease","start":3,"duration":0.25},{"time":172.5,"value":0,"angle":360,"ease":"inBack","var":"vfx.noteXSkew","type":"ease","start":3,"duration":0.5},{"time":172.5,"value":1,"angle":337.5,"ease":"inBack","var":"vfx.noteYScale","type":"ease","start":3,"duration":0.5},{"ease":"inQuad","angle":22.5,"type":"paddles","time":157,"newWidth":180,"duration":4,"paddle":1},{"ease":"outBack","angle":22.5,"type":"paddles","time":160,"duration":2,"newWidth":70,"paddle":1},{"var":"p.layer","type":"ease","time":178.875,"value":-99,"angle":78.75},{"ease":"inBack","angle":348.75,"type":"paddles","time":178,"newWidth":70,"duration":1,"paddle":1},{"type":"setColor","angle":202.5,"time":185,"g":0,"b":0,"color":5,"r":0},{"angle":45,"angleOffset":false,"time":157,"tag":"grid scale","type":"tag"},{"angle":45,"time":158,"type":"tag","tag":"grid scale","angleOffset":false},{"angle":45,"time":159,"type":"tag","tag":"grid scale","angleOffset":false},{"angle":45,"time":160,"type":"tag","tag":"grid scale","angleOffset":false},{"drawLayer":"bg","time":186,"id":"hex","y":0,"angle":191.25,"type":"deco","x":0,"sprite":"hexs!1#0","drawOrder":999},{"angle":191.25,"time":186.125,"type":"deco","id":"hex","sprite":"hexs!1#1"},{"angle":191.25,"time":186.25,"type":"deco","id":"hex","sprite":"hexs!1#2"},{"x":0,"type":"deco","angle":191.25,"sprite":"hexs!1#0","time":186.375,"id":"hex","y":0},{"angle":191.25,"time":186.5,"type":"deco","id":"hex","sprite":"hexs!1#1"},{"angle":191.25,"time":186.875,"type":"deco","id":"hex","sprite":"hexs!1#2"},{"x":0,"type":"deco","angle":191.25,"sprite":"hexs!1#0","time":187.125,"id":"hex","y":0},{"angle":191.25,"time":187.375,"type":"deco","id":"hex","sprite":"hexs!1#1"},{"angle":191.25,"time":187.75,"type":"deco","id":"hex","sprite":"hexs!1#2"},{"x":0,"type":"deco","angle":191.25,"sprite":"hexs!1#0","time":188.125,"id":"hex","y":0},{"angle":191.25,"time":188.375,"type":"deco","id":"hex","sprite":"hexs!1#1"},{"angle":191.25,"time":188.625,"type":"deco","id":"hex","sprite":"hexs!1#2"},{"x":0,"type":"deco","angle":191.25,"sprite":"hexs!1#0","time":188.875,"id":"hex","y":0},{"angle":191.25,"time":189.125,"type":"deco","id":"hex","sprite":"hexs!1#1"},{"angle":191.25,"time":189.25,"type":"deco","id":"hex","sprite":"hexs!1#2"},{"x":0,"type":"deco","angle":191.25,"sprite":"hexs!1#0","time":189.375,"id":"hex","y":0},{"angle":191.25,"time":189.5,"type":"deco","id":"hex","sprite":"hexs!1#1"},{"angle":191.25,"time":189.875,"type":"deco","id":"hex","sprite":"hexs!1#2"},{"x":0,"type":"deco","angle":191.25,"sprite":"hexs!1#0","time":190.25,"id":"hex","y":0},{"angle":191.25,"time":190.625,"type":"deco","id":"hex","sprite":"hexs!1#1"},{"angle":191.25,"time":191,"type":"deco","id":"hex","sprite":"hexs!1#2"},{"x":0,"type":"deco","angle":191.25,"sprite":"hexs!1#0","time":191.125,"id":"hex","y":0},{"angle":191.25,"time":191.375,"type":"deco","id":"hex","sprite":"hexs!1#1"},{"angle":191.25,"time":193.625,"type":"deco","id":"hex","sprite":"hexs!1#2"},{"x":0,"type":"deco","angle":191.25,"sprite":"hexs!1#0","time":193.75,"id":"hex","y":0},{"angle":191.25,"time":193.875,"type":"deco","id":"hex","sprite":"hexs!1#1"},{"angle":191.25,"time":194,"type":"deco","id":"hex","sprite":"hexs!1#2"},{"x":0,"type":"deco","angle":112.5,"sprite":"hexs!1#0","time":194.25,"id":"hex","y":0},{"angle":191.25,"time":195.75,"type":"deco","id":"hex","sprite":"hexs!1#1"},{"angle":191.25,"time":196,"type":"deco","id":"hex","sprite":"hexs!1#2"},{"x":0,"type":"deco","angle":191.25,"sprite":"hexs!1#0","time":196.25,"id":"hex","y":0},{"angle":191.25,"time":196.375,"type":"deco","id":"hex","sprite":"hexs!1#1"},{"angle":191.25,"time":196.625,"type":"deco","id":"hex","sprite":"hexs!1#2"},{"x":0,"type":"deco","angle":191.25,"sprite":"hexs!1#0","time":196.875,"id":"hex","y":0},{"angle":191.25,"time":197.375,"type":"deco","id":"hex","sprite":"hexs!1#1"},{"angle":191.25,"time":197.875,"type":"deco","id":"hex","sprite":"hexs!1#2"},{"x":0,"type":"deco","angle":191.25,"sprite":"hexs!1#0","time":198,"id":"hex","y":0},{"angle":191.25,"time":198.125,"type":"deco","id":"hex","sprite":"hexs!1#1"},{"angle":191.25,"time":198.25,"type":"deco","id":"hex","sprite":"hexs!1#2"},{"x":0,"type":"deco","angle":191.25,"sprite":"hexs!1#0","time":198.375,"id":"hex","y":0},{"angle":191.25,"time":198.5,"type":"deco","id":"hex","sprite":"hexs!1#1"},{"angle":191.25,"time":198.625,"type":"deco","id":"hex","sprite":"hexs!1#2"},{"x":0,"type":"deco","angle":191.25,"sprite":"hexs!1#0","time":198.75,"id":"hex","y":0},{"angle":191.25,"time":199.25,"type":"deco","id":"hex","sprite":"hexs!1#1"},{"angle":191.25,"time":199.625,"type":"deco","id":"hex","sprite":"hexs!1#2"},{"x":0,"type":"deco","angle":191.25,"sprite":"hexs!1#0","time":200,"id":"hex","y":0},{"angle":191.25,"time":200.375,"type":"deco","id":"hex","sprite":"hexs!1#1"},{"angle":191.25,"time":200.75,"type":"deco","id":"hex","sprite":"hexs!1#2"},{"x":0,"type":"deco","angle":202.5,"sprite":"hexs!1#0","time":201.125,"id":"hex","y":0},{"angle":191.25,"time":201.5,"type":"deco","id":"hex","sprite":"hexs!1#1"},{"angle":191.25,"time":202.75,"type":"deco","id":"hex","sprite":"hexs!1#2"},{"x":0,"type":"deco","angle":191.25,"sprite":"hexs!1#0","time":202.875,"id":"hex","y":0},{"angle":191.25,"time":203,"type":"deco","id":"hex","sprite":"hexs!1#1"},{"angle":191.25,"time":203.5,"type":"deco","id":"hex","sprite":"hexs!1#2"},{"x":0,"type":"deco","angle":191.25,"sprite":"hexs!1#0","time":203.625,"id":"hex","y":0},{"angle":191.25,"time":203.75,"type":"deco","id":"hex","sprite":"hexs!1#1"},{"angle":191.25,"time":204.25,"type":"deco","id":"hex","sprite":"hexs!1#2"},{"x":0,"type":"deco","angle":191.25,"sprite":"hexs!1#0","time":204.375,"id":"hex","y":0},{"angle":191.25,"time":204.625,"type":"deco","id":"hex","sprite":"hexs!1#1"},{"angle":191.25,"time":204.875,"type":"deco","id":"hex","sprite":"hexs!1#2"},{"x":0,"type":"deco","angle":191.25,"sprite":"hexs!1#0","time":205.25,"id":"hex","y":0},{"angle":191.25,"time":205.625,"type":"deco","id":"hex","sprite":"hexs!1#1"},{"angle":191.25,"time":205.75,"type":"deco","id":"hex","sprite":"hexs!1#2"},{"x":0,"type":"deco","angle":191.25,"sprite":"hexs!1#0","time":205.875,"id":"hex","y":0},{"angle":191.25,"time":206,"type":"deco","id":"hex","sprite":"hexs!1#1"},{"angle":191.25,"time":206.125,"type":"deco","id":"hex","sprite":"hexs!1#2"},{"x":0,"type":"deco","angle":191.25,"sprite":"hexs!1#0","time":206.25,"id":"hex","y":0},{"angle":191.25,"time":206.375,"type":"deco","id":"hex","sprite":"hexs!1#1"},{"angle":191.25,"time":206.5,"type":"deco","id":"hex","sprite":"hexs!1#2"},{"x":0,"type":"deco","angle":191.25,"sprite":"hexs!1#0","time":206.625,"id":"hex","y":0},{"angle":191.25,"time":206.75,"type":"deco","id":"hex","sprite":"hexs!1#1"},{"angle":191.25,"time":206.875,"type":"deco","id":"hex","sprite":"hexs!1#2"},{"x":0,"type":"deco","angle":191.25,"sprite":"hexs!1#0","time":207,"id":"hex","y":0},{"angle":191.25,"time":207.125,"type":"deco","id":"hex","sprite":"hexs!1#1"},{"angle":191.25,"time":207.25,"type":"deco","id":"hex","sprite":"hexs!1#2"},{"x":0,"type":"deco","angle":191.25,"sprite":"hexs!1#0","time":207.375,"id":"hex","y":0},{"angle":191.25,"time":207.5,"type":"deco","id":"hex","sprite":"hexs!1#1"},{"angle":191.25,"time":207.625,"type":"deco","id":"hex","sprite":"hexs!1#2"},{"x":0,"type":"deco","angle":191.25,"sprite":"hexs!1#0","time":207.75,"id":"hex","y":0},{"angle":191.25,"time":207.875,"type":"deco","id":"hex","sprite":"hexs!1#1"},{"angle":191.25,"time":208,"type":"deco","id":"hex","sprite":"hexs!1#2"},{"x":0,"type":"deco","angle":191.25,"sprite":"hexs!1#0","time":208.125,"id":"hex","y":0},{"angle":191.25,"time":208.25,"type":"deco","id":"hex","sprite":"hexs!1#1"},{"angle":191.25,"time":208.375,"type":"deco","id":"hex","sprite":"hexs!1#2"},{"x":0,"type":"deco","angle":191.25,"sprite":"hexs!1#0","time":208.5,"id":"hex","y":0},{"angle":191.25,"time":208.625,"type":"deco","id":"hex","sprite":"hexs!1#1"},{"angle":191.25,"time":208.75,"type":"deco","id":"hex","sprite":"hexs!1#2"},{"x":0,"type":"deco","angle":191.25,"sprite":"hexs!1#0","time":208.875,"id":"hex","y":0},{"hide":true,"angle":191.25,"time":209,"id":"hex","type":"deco"},{"time":185,"r":0,"color":2,"ease":"outBack","angle":157.5,"type":"setColor","g":61,"b":0,"duration":1},{"hide":true,"angle":202.5,"time":209,"id":"zig","type":"deco"},{"hide":true,"angle":213.75,"time":209,"id":"zag","type":"deco"},{"angle":258.75,"time":161.0625,"type":"tag","tag":"flashing d4","angleOffset":false},{"angle":258.75,"time":165.0625,"type":"tag","tag":"flashing d4","angleOffset":false},{"angle":258.75,"time":169.0625,"type":"tag","tag":"flashing d4","angleOffset":false},{"angle":258.75,"time":173.0625,"type":"tag","tag":"flashing d4","angleOffset":false},{"angle":258.75,"time":177.0625,"type":"tag","tag":"flashing d4","angleOffset":false},{"angle":258.75,"time":181,"type":"tag","tag":"flashing d4","angleOffset":false},{"angle":258.75,"time":185,"type":"tag","tag":"flashing d4","angleOffset":false},{"angle":258.75,"time":189,"type":"tag","tag":"flashing d4","angleOffset":false},{"angle":258.75,"time":193,"type":"tag","tag":"flashing d4","angleOffset":false},{"angle":258.75,"time":197,"type":"tag","tag":"flashing d4","angleOffset":false},{"angle":258.75,"time":201,"type":"tag","tag":"flashing d4","angleOffset":false},{"angle":258.75,"time":205,"type":"tag","tag":"flashing d4","angleOffset":false},{"angle":11.25,"time":161,"r":-21,"id":"anchor","type":"deco"},{"angle":326.25,"time":161,"r":12,"id":"anchor2","type":"deco"},{"angle":11.25,"time":165,"type":"tag","tag":"ziggy movey","angleOffset":false},{"angle":11.25,"time":169,"type":"tag","tag":"ziggy movey","angleOffset":false},{"angle":11.25,"time":173,"type":"tag","tag":"ziggy movey","angleOffset":false},{"angle":11.25,"time":177,"type":"tag","tag":"ziggy movey","angleOffset":false},{"angle":11.25,"time":181,"type":"tag","tag":"ziggy movey","angleOffset":false},{"angle":11.25,"time":185,"type":"tag","tag":"ziggy movey","angleOffset":false},{"angle":11.25,"time":189,"type":"tag","tag":"ziggy movey","angleOffset":false},{"angle":11.25,"time":193,"type":"tag","tag":"ziggy movey","angleOffset":false},{"angle":11.25,"time":197,"type":"tag","tag":"ziggy movey","angleOffset":false},{"angle":11.25,"time":201,"type":"tag","tag":"ziggy movey","angleOffset":false},{"angle":11.25,"time":205,"type":"tag","tag":"ziggy movey","angleOffset":false},{"ease":"linear","time":176.1875,"type":"paddles","paddle":2,"enabled":false,"duration":0,"angle":270},{"ease":"linear","time":176.8125,"type":"paddles","paddle":2,"enabled":true,"duration":0,"angle":348.75},{"ease":"linear","angle":258.75,"type":"paddles","time":176,"newWidth":55,"duration":0.25,"paddle":1},{"ease":"linear","angle":360,"type":"paddles","time":176.75,"duration":0.25,"newWidth":70,"paddle":1},{"ease":"inOutBack","var":"scrollSpeed","type":"ease","time":184,"value":3.5,"duration":2,"angle":360},{"ease":"inQuad","var":"scrollSpeed","type":"ease","time":204.875,"value":4,"duration":1.125,"angle":56.25},{"ease":"inBack","angle":45,"type":"paddles","time":205,"duration":4,"newWidth":180,"paddle":1},{"ease":"inSine","var":"objectRotation","type":"ease","time":207,"value":180,"duration":2,"angle":157.5},{"ease":"inOutSine","var":"objectRotation","type":"ease","time":209,"value":0,"duration":4,"angle":348.75},{"angle":247.5,"time":151,"type":"tag","tag":"jiggly wiggly","angleOffset":false},{"angle":270,"type":"tag","time":147,"angleOffset":false,"tag":"jig wig","order":0},{"var":"extraHoldLeniency","type":"ease","time":186,"value":0,"angle":225},{"ease":"inBack","angle":22.5,"type":"paddles","time":184,"newWidth":55,"duration":1,"paddle":1},{"time":185.25,"enabled":true,"paddle":1,"ease":"outBack","type":"paddles","angle":45,"duration":0.75,"newWidth":70},{"ease":"linear","angle":22.5,"type":"paddles","paddle":1,"enabled":false,"duration":0,"time":185},{"hide":true,"time":172.5,"r":90,"id":"anchor3","y":180,"angle":270,"type":"deco","x":300},{"time":172.5,"recolor":6,"id":"arrow","y":-100,"type":"deco","parentid":"anchor3","angle":247.5,"sprite":"arrow.png","x":-20},{"angle":-112.5,"time":173,"type":"tag","tag":"arrow","angleOffset":false},{"angle":225,"time":173,"r":330,"id":"anchor3","type":"deco"},{"angle":-112.5,"time":173.25,"type":"tag","tag":"arrow","angleOffset":false},{"angle":225,"time":173.25,"r":60.411998748779,"id":"anchor3","type":"deco"},{"type":"setColor","angle":225,"time":172.5,"g":255,"b":0,"color":6,"r":0},{"angle":-112.5,"time":173.5,"type":"tag","tag":"arrow","angleOffset":false},{"angle":225,"time":173.5,"r":149.92300415039,"id":"anchor3","type":"deco"},{"angle":-112.5,"time":173.75,"type":"tag","tag":"arrow","angleOffset":false},{"angle":225,"time":173.75,"r":197.64999389648,"id":"anchor3","type":"deco"},{"angle":-112.5,"time":173.875,"type":"tag","tag":"arrow","angleOffset":false},{"angle":225,"time":173.875,"r":255.47200012207,"id":"anchor3","type":"deco"},{"angle":-112.5,"time":174.125,"type":"tag","tag":"arrow","angleOffset":false},{"angle":225,"time":174.125,"r":297.9169921875,"id":"anchor3","type":"deco"},{"angle":-112.5,"time":174.25,"type":"tag","tag":"arrow","angleOffset":false},{"angle":225,"time":174.25,"r":255,"id":"anchor3","type":"deco"},{"angle":-112.5,"time":174.375,"type":"tag","tag":"arrow","angleOffset":false},{"angle":225,"time":174.375,"r":315,"id":"anchor3","type":"deco"},{"angle":-112.5,"time":174.5625,"type":"tag","tag":"arrow","angleOffset":false},{"angle":225,"time":174.5625,"r":260.64700317383,"id":"anchor3","type":"deco"},{"angle":-112.5,"time":174.625,"type":"tag","tag":"arrow","angleOffset":false},{"angle":225,"time":174.625,"r":214.04600524902,"id":"anchor3","type":"deco"},{"angle":-112.5,"time":174.75,"type":"tag","tag":"arrow","angleOffset":false},{"angle":225,"time":174.75,"r":165,"id":"anchor3","type":"deco"},{"angle":-112.5,"time":175,"type":"tag","tag":"arrow","angleOffset":false},{"angle":225,"time":175,"r":77.136001586914,"id":"anchor3","type":"deco"},{"angle":-112.5,"time":175.25,"type":"tag","tag":"arrow","angleOffset":false},{"angle":225,"time":175.25,"r":10.227000236511,"id":"anchor3","type":"deco"},{"angle":-112.5,"time":175.375,"type":"tag","tag":"arrow","angleOffset":false},{"angle":225,"time":175.375,"r":352.4049987793,"id":"anchor3","type":"deco"},{"angle":-112.5,"time":175.625,"type":"tag","tag":"arrow","angleOffset":false},{"angle":225,"time":175.625,"r":175.625,"id":"anchor3","type":"deco"},{"angle":-112.5,"time":175.75,"type":"tag","tag":"arrow","angleOffset":false},{"angle":225,"time":175.75,"r":270,"id":"anchor3","type":"deco"},{"angle":-112.5,"time":176,"type":"tag","tag":"arrow","angleOffset":false},{"angle":225,"time":176,"r":0,"id":"anchor3","type":"deco"},{"angle":-112.5,"time":176.125,"type":"tag","tag":"arrow","angleOffset":false},{"angle":225,"time":176.125,"r":324.53900146484,"id":"anchor3","type":"deco"},{"angle":-112.5,"time":176.25,"type":"tag","tag":"arrow","angleOffset":false},{"angle":225,"time":176.25,"r":285,"id":"anchor3","type":"deco"},{"angle":-112.5,"time":176.375,"type":"tag","tag":"arrow","angleOffset":false},{"angle":225,"time":176.375,"r":315,"id":"anchor3","type":"deco"},{"angle":-112.5,"time":176.5,"type":"tag","tag":"arrow","angleOffset":false},{"angle":225,"time":176.5,"r":300,"id":"anchor3","type":"deco"},{"angle":-112.5,"time":176.75,"type":"tag","tag":"arrow","angleOffset":false},{"angle":225,"time":176.75,"r":33.36600112915,"id":"anchor3","type":"deco"},{"angle":-112.5,"time":176.875,"type":"tag","tag":"arrow","angleOffset":false},{"angle":225,"time":176.875,"r":65.130996704102,"id":"anchor3","type":"deco"},{"angle":-112.5,"time":177.125,"type":"tag","tag":"arrow","angleOffset":false},{"angle":225,"time":177.125,"r":74.945999145508,"id":"anchor3","type":"deco"},{"angle":-112.5,"time":177.375,"type":"tag","tag":"arrow","angleOffset":false},{"angle":225,"time":177.375,"r":141.28399658203,"id":"anchor3","type":"deco"},{"angle":-112.5,"time":177.625,"type":"tag","tag":"arrow","angleOffset":false},{"angle":225,"time":177.625,"r":135,"id":"anchor3","type":"deco"},{"angle":-112.5,"time":177.75,"type":"tag","tag":"arrow","angleOffset":false},{"angle":225,"time":177.75,"r":180,"id":"anchor3","type":"deco"},{"angle":-112.5,"time":177.875,"type":"tag","tag":"arrow","angleOffset":false},{"angle":225,"time":177.875,"r":151.82200622559,"id":"anchor3","type":"deco"},{"angle":-112.5,"time":178.125,"type":"tag","tag":"arrow","angleOffset":false},{"angle":225,"time":178.125,"r":218.81700134277,"id":"anchor3","type":"deco"},{"angle":-112.5,"time":178.25,"type":"tag","tag":"arrow","angleOffset":false},{"angle":225,"time":178.25,"r":-120,"id":"anchor3","type":"deco"},{"angle":-112.5,"time":178.375,"type":"tag","tag":"arrow","angleOffset":false},{"angle":225,"time":178.375,"r":-105,"id":"anchor3","type":"deco"},{"angle":-112.5,"time":178.5,"type":"tag","tag":"arrow","angleOffset":false},{"angle":225,"time":178.5,"r":210.28799438477,"id":"anchor3","type":"deco"},{"angle":315,"time":173,"r":330,"id":"anchor","type":"deco"},{"angle":22.5,"time":176,"r":0,"id":"anchor","type":"deco"},{"angle":22.5,"time":179,"r":170.63299560547,"id":"anchor","type":"deco"},{"angle":45,"time":182,"r":67.5,"id":"anchor","type":"deco"},{"angle":90,"time":183.5,"r":75,"id":"anchor","type":"deco"},{"angle":90,"time":183.75,"r":87.5,"id":"anchor","type":"deco"},{"angle":90,"time":184,"r":90,"id":"anchor","type":"deco"},{"angle":90,"time":184.25,"r":112.5,"id":"anchor","type":"deco"},{"angle":90,"time":184.5,"r":135,"id":"anchor","type":"deco"},{"angle":90,"time":184.625,"r":157.5,"id":"anchor","type":"deco"},{"angle":90,"time":184.75,"r":180,"id":"anchor","type":"deco"},{"angle":90,"time":184.875,"r":202.5,"id":"anchor","type":"deco"},{"angle":90,"time":185,"r":225,"id":"anchor","type":"deco"},{"type":"deco","angle":90,"time":185.125,"r":360,"id":"anchor","duration":1},{"angle":90,"time":196.875,"r":77,"id":"anchor","type":"deco"},{"angle":90,"time":200,"r":111,"id":"anchor","type":"deco"},{"angle":90,"time":203,"r":54,"id":"anchor","type":"deco"},{"angle":-112.5,"time":179,"type":"tag","tag":"arrow","angleOffset":false},{"angle":225,"time":179,"r":170.63299560547,"id":"anchor3","type":"deco"},{"angle":-112.5,"time":179.125,"type":"tag","tag":"arrow","angleOffset":false},{"angle":225,"time":179.125,"r":-146.14300537109,"id":"anchor3","type":"deco"},{"angle":-112.5,"time":179.25,"type":"tag","tag":"arrow","angleOffset":false},{"angle":225,"time":179.25,"r":175.53700256348,"id":"anchor3","type":"deco"},{"angle":-112.5,"time":179.375,"type":"tag","tag":"arrow","angleOffset":false},{"angle":225,"time":179.375,"r":-132.9340057373,"id":"anchor3","type":"deco"},{"angle":-112.5,"time":179.75,"type":"tag","tag":"arrow","angleOffset":false},{"angle":225,"time":179.75,"r":41.071998596191,"id":"anchor3","type":"deco"},{"angle":-112.5,"time":179.625,"type":"tag","tag":"arrow","angleOffset":false},{"angle":225,"time":179.625,"r":78.814002990723,"id":"anchor3","type":"deco"},{"angle":-112.5,"time":179.875,"type":"tag","tag":"arrow","angleOffset":false},{"angle":225,"time":179.875,"r":112.5,"id":"anchor3","type":"deco"},{"angle":-112.5,"time":180,"type":"tag","tag":"arrow","angleOffset":false},{"angle":225,"time":180,"r":157.5,"id":"anchor3","type":"deco"},{"angle":-112.5,"time":180.25,"type":"tag","tag":"arrow","angleOffset":false},{"angle":-135,"time":180.25,"r":0,"id":"anchor3","type":"deco"},{"angle":-112.5,"time":180.375,"type":"tag","tag":"arrow","angleOffset":false},{"angle":225,"time":180.375,"r":315,"id":"anchor3","type":"deco"},{"angle":-112.5,"time":180.5,"type":"tag","tag":"arrow","angleOffset":false},{"angle":225,"time":180.5,"r":45,"id":"anchor3","type":"deco"},{"angle":-112.5,"time":180.625,"type":"tag","tag":"arrow","angleOffset":false},{"angle":225,"time":180.625,"r":0,"id":"anchor3","type":"deco"},{"angle":-112.5,"time":180.75,"type":"tag","tag":"arrow","angleOffset":false},{"angle":225,"time":180.75,"r":281.25,"id":"anchor3","type":"deco"},{"angle":-112.5,"time":180.875,"type":"tag","tag":"arrow","angleOffset":false},{"angle":225,"time":180.875,"r":33.75,"id":"anchor3","type":"deco"},{"angle":-112.5,"time":181,"type":"tag","tag":"arrow","angleOffset":false},{"angle":225,"time":181,"r":112.36000061035,"id":"anchor3","type":"deco"},{"angle":-112.5,"time":181.25,"type":"tag","tag":"arrow","angleOffset":false},{"angle":225,"time":181.25,"r":292.74200439453,"id":"anchor3","type":"deco"},{"angle":-112.5,"time":181.5,"type":"tag","tag":"arrow","angleOffset":false},{"angle":225,"time":181.5,"r":67.5,"id":"anchor3","type":"deco"},{"angle":-112.5,"time":181.625,"type":"tag","tag":"arrow","angleOffset":false},{"angle":225,"time":181.625,"r":67.5,"id":"anchor3","type":"deco"},{"angle":-112.5,"time":181.75,"type":"tag","tag":"arrow","angleOffset":false},{"angle":225,"time":181.75,"r":348.75,"id":"anchor3","type":"deco"},{"angle":-112.5,"time":181.875,"type":"tag","tag":"arrow","angleOffset":false},{"angle":225,"time":181.875,"r":348.75,"id":"anchor3","type":"deco"},{"angle":-112.5,"time":182,"type":"tag","tag":"arrow","angleOffset":false},{"angle":225,"time":182,"r":67.5,"id":"anchor3","type":"deco"},{"angle":-112.5,"time":182.125,"type":"tag","tag":"arrow","angleOffset":false},{"angle":225,"time":182.125,"r":146.25,"id":"anchor3","type":"deco"},{"angle":-112.5,"time":182.25,"type":"tag","tag":"arrow","angleOffset":false},{"angle":225,"time":182.25,"r":225,"id":"anchor3","type":"deco"},{"angle":-112.5,"time":182.375,"type":"tag","tag":"arrow","angleOffset":false},{"angle":225,"time":182.375,"r":0,"id":"anchor3","type":"deco"},{"angle":-112.5,"time":182.5,"type":"tag","tag":"arrow","angleOffset":false},{"angle":225,"time":182.5,"r":45,"id":"anchor3","type":"deco"},{"angle":-112.5,"time":182.625,"type":"tag","tag":"arrow","angleOffset":false},{"angle":225,"time":182.625,"r":-225,"id":"anchor3","type":"deco"},{"angle":-112.5,"time":182.75,"type":"tag","tag":"arrow","angleOffset":false},{"angle":225,"time":182.75,"r":-180,"id":"anchor3","type":"deco"},{"angle":-112.5,"time":182.875,"type":"tag","tag":"arrow","angleOffset":false},{"angle":225,"time":182.875,"r":-270,"id":"anchor3","type":"deco"},{"angle":-112.5,"time":183,"type":"tag","tag":"arrow","angleOffset":false},{"angle":225,"time":183,"r":-225,"id":"anchor3","type":"deco"},{"angle":-112.5,"time":183.125,"type":"tag","tag":"arrow","angleOffset":false},{"angle":225,"time":183.125,"r":-495,"id":"anchor3","type":"deco"},{"angle":-112.5,"time":183.25,"type":"tag","tag":"arrow","angleOffset":false},{"angle":225,"time":183.25,"r":-450,"id":"anchor3","type":"deco"},{"angle":-112.5,"time":183.5,"type":"tag","tag":"arrow","angleOffset":false},{"angle":225,"time":183.5,"r":-495,"id":"anchor3","type":"deco"},{"angle":-112.5,"time":183.375,"type":"tag","tag":"arrow","angleOffset":false},{"angle":225,"time":183.375,"r":-540,"id":"anchor3","type":"deco"},{"angle":-112.5,"time":183.625,"type":"tag","tag":"arrow","angleOffset":false},{"angle":225,"time":183.625,"r":221.08799743652,"id":"anchor3","type":"deco"},{"angle":-112.5,"time":183.75,"type":"tag","tag":"arrow","angleOffset":false},{"angle":225,"time":183.75,"r":214.53999328613,"id":"anchor3","type":"deco"},{"angle":-112.5,"time":183.875,"type":"tag","tag":"arrow","angleOffset":false},{"angle":225,"time":183.875,"r":203.38499450684,"id":"anchor3","type":"deco"},{"angle":-112.5,"time":184,"type":"tag","tag":"arrow","angleOffset":false},{"angle":225,"time":184,"r":196.43200683594,"id":"anchor3","type":"deco"},{"angle":-112.5,"time":184.125,"type":"tag","tag":"arrow","angleOffset":false},{"angle":225,"time":184.125,"r":193.51400756836,"id":"anchor3","type":"deco"},{"angle":-112.5,"time":184.25,"type":"tag","tag":"arrow","angleOffset":false},{"angle":225,"time":184.25,"r":198.57600402832,"id":"anchor3","type":"deco"},{"angle":-112.5,"time":184.375,"type":"tag","tag":"arrow","angleOffset":false},{"angle":225,"time":184.375,"r":212.58399963379,"id":"anchor3","type":"deco"},{"angle":-112.5,"time":184.5,"type":"tag","tag":"arrow","angleOffset":false},{"angle":225,"time":184.5,"r":241.05999755859,"id":"anchor3","type":"deco"},{"angle":-112.5,"time":184.625,"type":"tag","tag":"arrow","angleOffset":false},{"angle":225,"time":184.625,"r":281.74600219727,"id":"anchor3","type":"deco"},{"angle":-112.5,"time":184.75,"type":"tag","tag":"arrow","angleOffset":false},{"angle":225,"time":184.75,"r":347.26699829102,"id":"anchor3","type":"deco"},{"angle":-112.5,"time":184.875,"type":"tag","tag":"arrow","angleOffset":false},{"angle":225,"time":184.875,"r":67.5,"id":"anchor3","type":"deco"},{"ease":"outSine","id":"anchor3","type":"deco","time":185,"r":2880,"duration":4,"angle":225},{"hide":false,"time":185,"id":"arrow","y":0,"x":0,"type":"deco","sx":0,"sy":0,"angle":247.5,"duration":4},{"drawLayer":"bg","sprite":"paper.png","time":209,"id":"paper","order":0,"angle":236.25,"type":"deco","y":0,"x":0},{"type":"setColor","angle":258.75,"time":209,"g":70,"b":0,"color":3,"r":0},{"type":"setColor","angle":270,"time":209,"g":255,"b":0,"color":2,"r":0},{"id":"paper","y":-400,"angle":247.5,"time":209,"type":"deco","duration":16,"order":2},{"bpm":60,"angle":315,"time":209,"type":"setBPM"},{"ease":"inSine","var":"vfx.vwaves.strength","type":"ease","time":223,"value":12,"duration":2,"angle":180},{"bpm":210,"angle":157.5,"time":225,"type":"setBPM"},{"bpm":105,"angle":225,"time":223.375,"type":"setBPM"},{"ease":"outQuad","var":"vfx.vwaves.strength","type":"ease","time":225,"value":0,"duration":1,"angle":180},{"type":"setColor","angle":281.25,"time":209,"g":255,"b":0,"color":1,"r":0},{"type":"setColor","angle":292.5,"time":209,"g":0,"b":0,"color":0,"r":0},{"drawLayer":"bg","time":209,"id":"eye","y":0,"angle":11.25,"type":"deco","x":0,"sprite":"eye!1#0","drawOrder":99},{"angle":360,"time":213,"type":"deco","id":"eye","sprite":"eye!1#1"},{"angle":202.5,"time":217,"type":"deco","id":"eye","sprite":"eye!1#0"},{"angle":202.5,"time":217.125,"type":"deco","id":"eye","sprite":"eye!1#2"},{"effectCanvasRaw":false,"type":"deco","sprite":"eye!1#0","effectCanvas":true,"angle":202.5,"id":"eye","time":217.5},{"effectCanvasRaw":false,"type":"deco","sprite":"eye!1#3","effectCanvas":true,"angle":202.5,"id":"eye","time":217.625},{"var":"p.fillColor","type":"ease","time":209,"value":0,"angle":33.75},{"var":"p.outlineColor","type":"ease","time":209,"value":0,"angle":45},{"type":"noise","time":217.625,"angle":157.5,"color":2,"chance":0.60000002384186},{"var":"p.outlineColor","type":"ease","time":217.625,"value":1,"angle":146.25},{"drawLayer":"fg","sprite":"eye!1#4","x":0,"y":0,"angle":135,"type":"deco","id":"eye2","time":217.625,"drawOrder":9999},{"ease":"inQuad","var":"vfx.vwaves.period","type":"ease","time":223,"value":1,"duration":2,"angle":191.25},{"ease":"outQuad","var":"vfx.hwaves.period","type":"ease","time":225,"value":16,"duration":1,"angle":191.25},{"time":216.625,"r":0,"color":1,"ease":"inQuad","angle":146.25,"type":"setColor","g":255,"b":150,"duration":0.5},{"time":217.125,"r":0,"color":1,"ease":"inCubic","angle":146.25,"type":"setColor","g":255,"b":255,"duration":0.5},{"time":216.625,"r":0,"color":2,"ease":"inQuad","angle":135,"type":"setColor","g":255,"b":150,"duration":0.5},{"time":217.125,"r":0,"color":2,"ease":"inCubic","angle":135,"type":"setColor","g":255,"b":255,"duration":0.5},{"time":216.625,"r":0,"color":3,"ease":"inQuad","angle":123.75,"type":"setColor","g":71,"b":42,"duration":0.5},{"time":217.125,"r":0,"color":3,"ease":"inCubic","angle":123.75,"type":"setColor","g":88,"b":88,"duration":0.5},{"time":223,"r":0,"color":1,"ease":"inQuart","angle":112.5,"type":"setColor","g":0,"b":255,"duration":2},{"time":223,"r":0,"color":2,"ease":"inQuart","angle":101.25,"type":"setColor","g":0,"b":55,"duration":2},{"time":223,"r":55,"color":3,"ease":"inQuart","angle":90,"type":"setColor","g":55,"b":255,"duration":2},{"description":"","time":206,"r":0,"angle":67.5,"g":255,"b":255,"type":"bookmark","name":"blue"},{"description":"","time":222.5,"r":0,"angle":56.25,"g":0,"b":255,"type":"bookmark","name":"blue*"},{"hide":true,"angle":112.5,"time":225,"id":"paper","type":"deco"},{"hide":true,"angle":101.25,"time":225,"id":"eye","type":"deco"},{"hide":true,"angle":90,"time":225,"id":"eye2","type":"deco"},{"type":"setColor","angle":281.25,"time":225,"g":0,"b":0,"color":0,"r":0},{"type":"setColor","angle":292.5,"time":225,"g":0,"b":255,"color":1,"r":0},{"type":"setColor","angle":303.75,"time":225,"g":61,"b":122,"color":2,"r":61},{"type":"setColor","angle":315,"time":225,"g":120,"b":255,"color":3,"r":120},{"var":"p.fillColor","type":"ease","time":225,"value":4,"angle":236.25},{"var":"p.outlineColor","type":"ease","time":225,"value":4,"angle":247.5},{"type":"setColor","angle":326.25,"time":225,"g":0,"b":0,"color":4,"r":0},{"type":"setColor","time":223,"angle":123.75,"color":0},{"effectCanvasRaw":false,"sprite":"shps!1@16","effectCanvas":true,"time":239,"x":120,"y":0,"type":"deco","angle":360,"drawLayer":"fg","id":"shps"},{"type":"noise","time":225,"angle":33.75,"color":1,"chance":0.80000001192093},{"angle":348.75,"time":157.25,"r":1,"id":"anchor","type":"deco"},{"angle":348.75,"time":157.5,"r":2,"id":"anchor","type":"deco"},{"angle":348.75,"time":157.75,"r":3,"id":"anchor","type":"deco"},{"angle":348.75,"time":158,"r":5,"id":"anchor","type":"deco"},{"angle":348.75,"time":158.25,"r":8,"id":"anchor","type":"deco"},{"angle":348.75,"time":158.5,"r":13,"id":"anchor","type":"deco"},{"angle":348.75,"time":158.75,"r":21,"id":"anchor","type":"deco"},{"angle":348.75,"time":159,"r":34,"id":"anchor","type":"deco"},{"angle":348.75,"time":159.25,"r":55,"id":"anchor","type":"deco"},{"angle":348.75,"time":159.5,"r":89,"id":"anchor","type":"deco"},{"angle":348.75,"time":159.75,"r":144,"id":"anchor","type":"deco"},{"angle":337.5,"time":160,"r":233,"id":"anchor","type":"deco"},{"angle":348.75,"time":160.25,"r":377,"id":"anchor","type":"deco"},{"angle":348.75,"time":160.5,"r":610,"id":"anchor","type":"deco"},{"angle":348.75,"time":160.75,"r":987,"id":"anchor","type":"deco"},{"ease":"inSine","var":"vfx.canvPos.sx","type":"ease","time":157,"value":1.2999999523163,"duration":4,"angle":303.75},{"ease":"inSine","var":"vfx.canvPos.sy","type":"ease","time":157,"value":1.2999999523163,"duration":4,"angle":315},{"ease":"outQuad","var":"vfx.canvPos.sx","type":"ease","time":161,"value":1,"duration":4,"angle":281.25},{"ease":"outQuad","var":"vfx.canvPos.sy","type":"ease","time":161,"value":1,"duration":4,"angle":292.5},{"type":"noise","time":337,"angle":90,"color":0,"chance":0},{"time":337,"r":55,"order":0,"type":"setColor","angle":56.25,"g":55,"b":55,"color":1},{"time":279,"r":255,"color":0,"ease":"inOutQuad","angle":146.25,"type":"setColor","g":255,"b":255,"duration":4},{"type":"noise","time":281,"angle":135,"color":1,"chance":0.10000000149012},{"angle":135,"type":"setColor","time":337,"g":0,"b":0,"color":0,"r":0},{"angle":146.25,"type":"setColor","time":337,"g":55,"b":55,"color":4,"r":55},{"bpm":105,"angle":213.75,"time":337,"type":"setBPM"},{"var":"vfx.flashStrength","type":"ease","time":340.25,"value":1,"angle":180},{"var":"vfx.flashColor.r","type":"ease","time":340,"value":0,"angle":191.25},{"var":"vfx.flashColor.g","type":"ease","time":340,"value":0,"angle":202.5},{"var":"vfx.flashColor.b","type":"ease","time":340,"value":0,"angle":213.75},{"type":"showResults","angle":123.75,"time":340.25},{"ease":"inOutSine","var":"p.drawScale","type":"ease","time":-8,"value":0.5,"duration":4,"angle":180},{"type":"deco","parentid":"anchor","angle":348.75,"time":157,"x":-450,"id":"ggrid","y":-270},{"time":224,"value":0.75,"angle":191.25,"ease":"outSine","var":"scrollSpeed","type":"ease","start":5,"duration":1},{"ease":"inElastic","angle":123.75,"type":"paddles","time":218,"duration":6.25,"newWidth":120,"paddle":1},{"ease":"outBack","var":"scrollSpeed","type":"ease","time":239,"value":1,"duration":3.5,"angle":90},{"ease":"inBack","var":"scrollSpeed","type":"ease","time":242.5,"value":0.75,"duration":3.5,"angle":90},{"ease":"outCirc","var":"scrollSpeed","type":"ease","time":246,"value":0.5,"duration":3.25,"angle":90},{"ease":"inBack","var":"scrollSpeed","type":"ease","time":233,"value":0.5,"duration":6,"angle":90},{"ease":"inBack","var":"scrollSpeed","type":"ease","time":249.25,"value":1,"duration":3.25,"angle":90},{"ease":"outBack","var":"scrollSpeed","type":"ease","time":252.5,"value":1.5,"duration":6.75,"angle":90},{"ease":"inBack","var":"scrollSpeed","type":"ease","time":260,"value":1.25,"duration":6.75,"angle":90},{"ease":"outBack","var":"scrollSpeed","type":"ease","time":267,"value":1.75,"duration":15,"angle":90},{"ease":"inBack","angle":360,"type":"paddles","time":270,"duration":1.5,"newWidth":70,"paddle":1},{"angle":247.5,"type":"deco","sprite":"linum!1#0","time":147,"id":"1","order":1},{"type":"deco","sprite":"different!1#0","angle":225,"id":"2","time":147},{"var":"p.layer","type":"ease","time":224,"value":10,"angle":135},{"time":337,"r":0,"duration":3.5,"ease":"inSine","angle":67.5,"type":"setColor","g":0,"b":0,"color":1},{"ease":"inCubic","var":"vfx.flashStrength","type":"ease","time":282,"value":1,"duration":54.75,"angle":56.25},{"var":"vfx.flashStrength","angle":33.75,"time":337,"value":0,"type":"ease"},{"ease":"inCubic","var":"vfx.bgNoise","type":"ease","time":282,"value":1,"duration":54.75,"angle":33.75},{"ease":"linear","paddle":1,"angle":360,"time":337.0625,"enabled":false,"duration":0,"type":"paddles"},{"time":282,"value":1.625,"repeatDelay":0.5,"angle":360,"repeats":55,"ease":"inExpo","var":"scrollSpeed","type":"ease","start":1.375,"duration":0.5},{"time":310,"value":1.875,"ease":"inExpo","type":"ease","repeats":46,"repeatDelay":0.5,"var":"scrollSpeed","angle":90,"start":1.6749999523163,"duration":0.25},{"time":333,"value":2.5,"repeatDelay":0.5,"angle":90,"repeats":8,"ease":"inExpo","var":"scrollSpeed","type":"ease","start":2,"duration":0.25},{"hide":true,"type":"deco","time":242.5,"id":"shps","angle":0},{"hide":false,"angle":11.25,"time":246,"id":"shps","type":"deco"},{"hide":true,"angle":11.25,"time":246.5,"id":"shps","type":"deco"},{"hide":false,"angle":11.25,"time":246.75,"id":"shps","type":"deco"},{"hide":true,"type":"deco","time":247.5,"id":"shps","angle":11.25},{"hide":false,"type":"deco","time":247.75,"id":"shps","angle":11.25},{"hide":true,"angle":11.25,"time":248.5,"id":"shps","type":"deco"},{"hide":false,"angle":0,"time":267,"id":"shps","type":"deco"},{"hide":true,"angle":348.75,"time":270,"id":"shps","type":"deco"},{"type":"deco","hide":false,"angle":360,"time":295.5,"r":-90,"id":"shps","y":360},{"type":"setColor","angle":157.5,"time":279,"g":150,"b":255,"color":2,"r":150},{"type":"setColor","angle":168.75,"time":279,"g":255,"b":255,"color":3,"r":255},{"hide":true,"angle":0,"time":299.5,"id":"shps","type":"deco"},{"hide":false,"type":"deco","time":302,"id":"shps","angle":360},{"hide":true,"type":"deco","time":302.5,"id":"shps","angle":360},{"hide":false,"type":"deco","time":302.75,"id":"shps","angle":0},{"hide":true,"type":"deco","time":303.5,"id":"shps","angle":0},{"hide":false,"type":"deco","time":303.75,"id":"shps","angle":0},{"hide":true,"type":"deco","time":304.5,"id":"shps","angle":0},{"hide":false,"type":"deco","time":304.75,"id":"shps","angle":0},{"hide":true,"angle":0,"time":305.5,"id":"shps","type":"deco"},{"hide":false,"angle":360,"time":323,"id":"shps","type":"deco"},{"hide":true,"type":"deco","time":332,"id":"shps","angle":360},{"ease":"inCirc","var":"vfx.canvPos.r","angle":0,"time":249,"value":-45,"duration":3.5,"type":"ease"},{"time":252.5,"value":0,"type":"ease","ease":"outCirc","var":"vfx.canvPos.r","angle":0,"start":45,"duration":4},{"ease":"inCirc","var":"vfx.canvPos.sx","type":"ease","time":249,"value":1.2000000476837,"duration":3.5,"angle":11.25},{"ease":"inCirc","var":"vfx.canvPos.sy","type":"ease","time":249,"value":1.2000000476837,"duration":3.5,"angle":22.5},{"ease":"outCirc","var":"vfx.canvPos.sx","type":"ease","time":252.5,"value":1,"duration":4,"angle":11.25},{"ease":"outCirc","var":"vfx.canvPos.sy","type":"ease","time":252.5,"value":1,"duration":4,"angle":22.5},{"ease":"inCirc","var":"vfx.canvPos.r","angle":0,"time":277.5,"value":-45,"duration":3.5,"type":"ease"},{"time":281,"value":0,"angle":0,"ease":"outCirc","var":"vfx.canvPos.r","type":"ease","start":45,"duration":4},{"ease":"inCirc","var":"vfx.canvPos.sx","type":"ease","time":277.5,"value":1.2000000476837,"duration":3.5,"angle":11.25},{"ease":"inCirc","var":"vfx.canvPos.sy","type":"ease","time":277.5,"value":1.2000000476837,"duration":3.5,"angle":22.5},{"ease":"outCirc","var":"vfx.canvPos.sx","type":"ease","time":281,"value":1,"duration":4,"angle":11.25},{"ease":"outCirc","var":"vfx.canvPos.sy","type":"ease","time":281,"value":1,"duration":4,"angle":22.5},{"ease":"inCirc","var":"vfx.canvPos.r","angle":11.25,"time":305.5,"value":-45,"duration":3.5,"type":"ease"},{"time":309,"value":0,"angle":11.25,"ease":"outCirc","var":"vfx.canvPos.r","type":"ease","start":45,"duration":4},{"ease":"inCirc","var":"vfx.canvPos.sx","type":"ease","time":305.5,"value":1.2000000476837,"duration":3.5,"angle":22.5},{"ease":"inCirc","var":"vfx.canvPos.sy","type":"ease","time":305.5,"value":1.2000000476837,"duration":3.5,"angle":33.75},{"ease":"outCirc","var":"vfx.canvPos.sx","type":"ease","time":309,"value":1,"duration":4,"angle":22.5},{"ease":"outCirc","var":"vfx.canvPos.sy","type":"ease","time":309,"value":1,"duration":4,"angle":33.75},{"ease":"inCirc","var":"vfx.vwaves.strength","type":"ease","time":333,"value":7,"duration":4,"angle":112.5},{"ease":"inCirc","var":"vfx.vwaves.period","type":"ease","time":333,"value":2,"duration":4,"angle":123.75},{"ease":"inCirc","var":"vfx.hwaves.strength","type":"ease","time":333,"value":7,"duration":4,"angle":135},{"ease":"inCirc","var":"vfx.hwaves.period","type":"ease","time":333,"value":2,"duration":4,"angle":146.25},{"var":"vfx.vwaves.strength","angle":292.5,"time":337,"value":0,"type":"ease"},{"var":"vfx.vwaves.period","angle":303.75,"time":337,"value":16,"type":"ease"},{"var":"vfx.hwaves.strength","type":"ease","time":337,"value":0,"angle":315},{"var":"vfx.hwaves.period","type":"ease","time":337,"value":16,"angle":326.25},{"ease":"inCirc","type":"paddles","angle":45,"time":249,"paddle":1,"duration":3.5,"newAngle":-45},{"time":252.5,"order":-1,"ease":"linear","type":"paddles","angle":33.75,"paddle":1,"duration":0,"newAngle":45},{"ease":"inCirc","type":"paddles","angle":33.75,"time":277.5,"paddle":1,"duration":3.5,"newAngle":-45},{"time":252.5,"order":0,"ease":"outCirc","type":"paddles","angle":45,"paddle":1,"duration":4,"newAngle":0},{"time":281,"order":-1,"ease":"linear","paddle":1,"angle":33.75,"type":"paddles","duration":0,"newAngle":45},{"time":281,"order":0,"ease":"outCirc","paddle":1,"type":"paddles","angle":45,"duration":4,"newAngle":0},{"ease":"inCirc","angle":45,"type":"paddles","paddle":1,"time":305.5,"duration":3.5,"newAngle":-45},{"paddle":1,"order":0,"ease":"outCirc","time":309,"angle":56.25,"type":"paddles","duration":4,"newAngle":0},{"paddle":1,"order":-1,"ease":"linear","angle":45,"type":"paddles","time":309,"duration":0,"newAngle":45}]}